,t_x,t_y,t_z,r_x,r_y,r_z,t_x_2,t_y_2,t_z_2,t_x_3,t_y_3,t_z_3,t_x_s1,t_y_s1,t_z_s1,t_x_s2,t_y_s2,t_z_s2
0,0.0,0.0,-7.105427399999999e-15,-1.2325952e-32,-3.0814879e-33,-3.7982271e-65,0.0,0.0,5.048709853667074e-29,0.0,0.0,-3.587324132889601e-43,-0.047170477,-0.41606178,0.34161045,0.027460641,0.010159712,0.047868877000000004
1,0.027460641,0.010159712,0.047868877000000004,0.0005545030400000001,0.0005256181099999999,0.0001704359,0.0007540868041308811,0.00010321974792294398,0.0022914293852411296,2.0707707011075444e-05,1.048682911609709e-06,0.00010968815139629326,0.0,0.0,-7.105427399999999e-15,0.059279739000000005,0.00039986153,0.18754626
2,0.059279739000000005,0.00039986153,0.18754626,0.00090940034,0.00070193704,0.00019194804,0.0035140874559081215,1.598892431739409e-07,0.0351735996399876,0.00020831418720940748,6.393355740607406e-11,0.00659667706321702,0.027460641,0.010159712,0.047868877000000004,0.043106902,0.056836772,0.00064849019
3,0.043106902,0.056836772,0.00064849019,0.0013388779000000001,0.0013669723999999999,8.3198821e-06,0.0018582050000376042,0.003230418651379984,4.2053952652623617e-07,8.0101460832531e-05,0.00018360656835303163,2.7271575745950893e-10,0.059279739000000005,0.00039986153,0.18754626,0.033289497,0.063383602,0.03244799
4,0.033289497,0.063383602,0.03244799,0.0015462035999999999,0.0011601812,-0.0005663608,0.001108190610513009,0.004017481002494404,0.0010528720550401001,3.6891108004100986e-05,0.0002546424169046663,3.4163581913220624e-05,0.043106902,0.056836772,0.00064849019,0.029373378,0.07752153099999999,0.0035404518
5,0.029373378,0.07752153099999999,0.0035404518,0.0018154127,0.0008352116099999999,-0.00058505855,0.000862795335130884,0.00600958776858396,1.253479894812324e-05,2.5343213515436134e-05,0.0004658724444995022,4.437885149852103e-08,0.033289497,0.063383602,0.03244799,0.038395723,0.079404485,-0.029867301000000002
6,0.038395723,0.079404485,-0.029867301000000002,0.0015482026999999998,0.0012240957000000002,-0.0007016961200000001,0.001474231544692729,0.006305072238115225,0.0008920556690246011,5.660418602788414e-05,0.0005006510139553367,-2.664329517551414e-05,0.029373378,0.07752153099999999,0.0035404518,0.012341268,0.088591029,-0.060855418
7,0.012341268,0.088591029,-0.060855418,0.0016673013,0.0013547760999999998,-0.0013025016,0.000152306895847824,0.007848370419278841,0.003703381899954724,1.8796602199060834e-06,0.000695295211417074,-0.00022537085353537892,0.038395723,0.079404485,-0.029867301000000002,0.0086507948,0.076201333,0.0086028873
8,0.0086507948,0.076201333,0.0086028873,0.0020165326,0.0011521728,-0.0011815322,7.483625067170704e-05,0.005806643150976888,7.40096698965013e-05,6.473930481622998e-07,0.00044247394835975913,6.366968492298034e-07,0.012341268,0.088591029,-0.060855418,0.008741851,0.062034399000000004,0.023104725
9,0.008741851,0.062034399000000004,0.023104725,0.0019170042000000002,0.0006775916,-0.00099090454,7.6419958906201e-05,0.0038482666592912014,0.000533828317325625,6.680518941841321e-07,0.00023872490940086746,1.23339564690213e-05,0.0086507948,0.076201333,0.0086028873,0.037691602000000005,0.058692130999999995,0.08711870599999999
10,0.037691602000000005,0.058692130999999995,0.08711870599999999,0.0022036201,0.0010426172,-0.0008005723799999999,0.0014206568613264043,0.0034447662413211603,0.007589668935114435,5.3546832995684026e-05,0.00020218067149999912,0.0006612021365955674,0.008741851,0.062034399000000004,0.023104725,0.016744865,0.066862226,0.0050284996999999994
11,0.016744865,0.066862226,0.0050284996999999994,0.002262657,0.001085109,-0.0012596986,0.000280390503868225,0.004470557265675076,2.5285809232900083e-05,4.695101134555406e-06,0.00029891141024350893,1.271496841418953e-07,0.037691602000000005,0.058692130999999995,0.08711870599999999,0.017701891,0.069691203,0.029839248999999998
12,0.017701891,0.069691203,0.029839248999999998,0.0032693562,0.0009945254199999998,-0.0011194472999999999,0.000313356944975881,0.004856863775587208,0.0008903807808840009,5.547010484056044e-06,0.0003384806793277945,2.656829382561214e-05,0.016744865,0.066862226,0.0050284996999999994,0.021446146,0.080538545,0.024842966
13,0.021446146,0.080538545,0.024842966,0.0032073216999999998,0.00086218311,-0.0008403509599999999,0.00045993717825331597,0.0064864572307170255,0.000617172959677156,9.863879875648639e-06,0.0005224098275666785,1.5332406853378958e-05,0.017701891,0.069691203,0.029839248999999998,0.028411707999999997,0.08403699699999999,0.0054237538
14,0.028411707999999997,0.08403699699999999,0.0054237538,0.0034104458,0.0006332557900000001,-0.0009691817699999999,0.0008072251514772638,0.007062216864778007,2.9417105283014443e-05,2.2934645294027788e-05,0.0005934874974786987,1.5955113656374967e-07,0.021446146,0.080538545,0.024842966,0.0321653,0.07809168400000001,-0.051324975
15,0.0321653,0.07809168400000001,-0.051324975,0.0032406434000000002,0.00081286072,-0.0010957951,0.0010346065240900001,0.006098311109955857,0.002634253058750625,3.327842922931208e-05,0.0004762273841323621,-0.00013520297238404938,0.028411707999999997,0.08403699699999999,0.0054237538,0.023437375,0.09035476,-0.076361737
16,0.023437375,0.09035476,-0.076361737,0.0035128452,0.00085752995,-0.0011868291,0.000549310546890625,0.008163982654657601,0.005831114877657169,1.2874397278930663e-05,0.0007376546934057505,-0.0004452740607044439,0.0321653,0.07809168400000001,-0.051324975,0.024324024,0.082779391,0.013426071999999999
17,0.024324024,0.082779391,0.013426071999999999,0.0034291971,0.00063108391,-0.0011740032000000001,0.000591658143552576,0.00685242757433088,0.00018025940934918397,1.4391506883568303e-05,0.0005672397814747175,2.420175808599617e-06,0.023437375,0.09035476,-0.076361737,0.03499985,0.070384596,0.09843809099999999
18,0.03499985,0.070384596,0.09843809099999999,0.0035139861,0.00086347472,-0.0012909509,0.0012249895000224999,0.0049539913540832155,0.009690057759724278,4.287444875236249e-05,0.00034868468004464005,0.0009538707875469945,0.024324024,0.082779391,0.013426071999999999,0.038627076,0.032397197,0.1577673
19,0.038627076,0.032397197,0.1577673,0.0034232913,0.0007099309399999999,-0.0014748010999999998,0.0014920510003097762,0.0010495783734568091,0.02489052094929,5.7633567384841755e-05,3.4003397331819816e-05,0.00392691028576292,0.03499985,0.070384596,0.09843809099999999,0.031864874,0.053287420999999995,0.06349656299999999
20,0.031864874,0.053287420999999995,0.06349656299999999,0.0032379195000000003,0.0013573156,-0.0016449832,0.0010153701950358762,0.0028395492368312406,0.004031813512812968,3.235464332817362e-05,0.000151312255633255,0.00025600630072057987,0.038627076,0.032397197,0.1577673,0.031864519,0.049166984000000004,0.1302219
21,0.031864519,0.049166984000000004,0.1302219,0.00351518,0.001209394,-0.0013842701999999998,0.001015347571101361,0.0024173923156562563,0.01695774323961,3.235356197096317e-05,0.00011885588930559412,0.0022082695443741696,0.031864874,0.053287420999999995,0.06349656299999999,0.044893191,0.059920333,0.12106941
22,0.044893191,0.059920333,0.12106941,0.003942044699999999,0.0010818645,-0.0011803801,0.0020153985981624808,0.003590446306830889,0.0146578020377481,9.04776742084405e-05,0.00021514073832392704,0.0017746114446069603,0.031864519,0.049166984000000004,0.1302219,0.053569775,0.066524485,0.13423924
23,0.053569775,0.066524485,0.13423924,0.0040327387,0.0011594924,-0.0013108242000000002,0.002869720793550625,0.004425507104515224,0.0180201735557776,0.00015373029722332842,0.00029440458099171644,0.002419014402795683,0.044893191,0.059920333,0.12106941,0.038757902000000004,0.094312844,0.013080346000000001
24,0.038757902000000004,0.094312844,0.013080346000000001,0.0038300031,0.0013796042999999999,-0.0015286308999999999,0.0015021749674416043,0.008894912543368338,0.00017109545147971604,5.822115017495489e-05,0.0008389044990963413,2.237987704380898e-06,0.053569775,0.066524485,0.13423924,0.032159293,0.09554792,0.072664148
25,0.032159293,0.09554792,0.072664148,0.0038815723,0.0011825200999999999,-0.0014986876,0.001034220126259849,0.009129405016326399,0.005280078404565904,3.325978806688747e-05,0.0008722956601475534,0.0003836723986409807,0.038757902000000004,0.094312844,0.013080346000000001,0.02284099,0.08713740800000001,0.061221215999999995
26,0.02284099,0.08713740800000001,0.061221215999999995,0.0038111539,0.0010827922,-0.0016888222,0.0005217108241800999,0.007592927872958466,0.0037480372885186552,1.191639171798942e-05,0.0006616280539805541,0.0002294594004164549,0.032159293,0.09554792,0.072664148,0.037217715,0.035968772,0.24082246
27,0.037217715,0.035968772,0.24082246,0.0039346643,0.0008561996899999999,-0.0017746207999999998,0.001385158309821225,0.0012937525591879841,0.057995457240451596,5.1552427204808045e-05,4.653469082584911e-05,0.013966608681470365,0.02284099,0.08713740800000001,0.061221215999999995,0.030968099,0.054550907999999995,0.1087863
28,0.030968099,0.054550907999999995,0.1087863,0.0039894293,0.0014540542,-0.0019523519,0.0009590231556738009,0.0029758015636244636,0.01183445906769,2.9699124028198676e-05,0.00016233267732353426,0.0012874270144754446,0.037217715,0.035968772,0.24082246,0.0219304,0.06561679299999999,0.12306475
29,0.0219304,0.06561679299999999,0.12306475,0.0042299079,0.0012383577,-0.0019048651000000002,0.00048094244415999995,0.004305563523604848,0.0151449326925625,1.0547260177406462e-05,0.0002825172704767299,0.001863807355577031,0.030968099,0.054550907999999995,0.1087863,0.016919273000000002,0.099319851,0.067290969
30,0.016919273000000002,0.099319851,0.067290969,0.0041261729,0.0012735603,-0.001944599,0.00028626179884852905,0.009864432802662202,0.004528074508958962,4.843341524189349e-06,0.0009797339961599223,0.00030469852141204776,0.0219304,0.06561679299999999,0.12306475,0.031488699,0.058682448,0.18875319
31,0.031488699,0.058682448,0.18875319,0.0040793567999999995,0.0010976979,-0.0020095943,0.0009915381647126011,0.0034436297032727037,0.03562776673517609,3.122224681564752e-05,0.00020208062099355586,0.006724854623840372,0.016919273000000002,0.099319851,0.067290969,0.0310373,0.07184058,0.10816231
32,0.0310373,0.07184058,0.10816231,0.0042015262,0.0013263226,-0.00204223,0.00096331399129,0.0051610689347364,0.0116990853045361,2.9898665341865116e-05,0.0003707741856914451,0.0012654000914256779,0.031488699,0.058682448,0.18875319,0.009086529599999999,0.083587275,0.039623016000000004
33,0.009086529599999999,0.083587275,0.039623016000000004,0.0044697445,0.0010160836,-0.0020879919,8.256502017167614e-05,0.006986832541925625,0.0015699833969362563,7.502294997145322e-07,0.0005840102930608863,6.220747725653964e-05,0.0310373,0.07184058,0.10816231,0.012932477,0.09769453300000001,0.0082813968
34,0.012932477,0.09769453300000001,0.0082813968,0.0038968209000000004,0.0010802533,-0.0019771474,0.00016724896135552898,0.009544221778088093,6.858153295905024e-05,2.1629433460042673e-06,0.000932418289458746,5.679508875861732e-07,0.009086529599999999,0.083587275,0.039623016000000004,0.027637249,0.067992056,0.15408658
35,0.027637249,0.067992056,0.15408658,0.0041747143,0.0011713792,-0.0018936857,0.000763817532288001,0.004622919679107136,0.0237426741360964,2.1109815330409023e-05,0.00031432181370535435,0.003658427457685549,0.012932477,0.09769453300000001,0.0082813968,0.019151711999999998,0.063524613,0.13902143
36,0.019151711999999998,0.063524613,0.13902143,0.0042499814,0.0014982657000000002,-0.0022422372,0.0003667880725309439,0.004035376456799768,0.0193269579992449,7.024619530147748e-06,0.0002563457277275165,0.0026868613386049653,0.027637249,0.067992056,0.15408658,-0.0069044801,0.066689579,0.089975987
37,-0.0069044801,0.066689579,0.089975987,0.0043504583,0.0011736207,-0.0022757573000000003,4.7671845451296006e-05,0.0044474999471972405,0.008095678236624168,-3.291493082487488e-07,0.0002966018990811062,0.000728416639774679,0.019151711999999998,0.063524613,0.13902143,-0.012641171999999999,0.099308754,0.09566073300000001
38,-0.012641171999999999,0.099308754,0.09566073300000001,0.0045900827,0.0010204911,-0.0021906113,0.00015979922953358397,0.009862228621032516,0.009150975838097292,-2.0200495460015146e-06,0.0009794056360178773,0.0008753890563376763,-0.0069044801,0.066689579,0.089975987,-0.0060858262,0.07387610900000001,0.16917851
39,-0.0060858262,0.07387610900000001,0.16917851,0.0048926249,0.0011436661999999998,-0.0022179384,3.703728053660644e-05,0.005457679480979883,0.0286213682458201,-2.2540245226642955e-07,0.0004031921242239333,0.004842120433989159,-0.012641171999999999,0.099308754,0.09566073300000001,-0.0015320544,0.031945956,0.17102903
40,-0.0015320544,0.031945956,0.17102903,0.0040001133,0.0012887263000000001,-0.0024647989,2.34719068455936e-06,0.0010205441047539357,0.0292509291027409,-3.59602381591818e-09,3.260225706652862e-05,0.005002758031040546,-0.0060858262,0.07387610900000001,0.16917851,-0.029133686000000002,0.060763856,0.06916296400000001
41,-0.029133686000000002,0.060763856,0.06916296400000001,0.0043012544,0.0008880833400000001,-0.002651249,0.0008487716599465962,0.003692246195988736,0.004783515589265297,-2.4727847026582912e-05,0.0002243551161696073,0.0003308421164937945,-0.0015320544,0.031945956,0.17102903,-0.019529996,0.0939321,0.043378007999999996
42,-0.019529996,0.0939321,0.043378007999999996,0.0044695587,0.0009147869699999998,-0.002427384,0.000381420743760016,0.008823239410410001,0.0018816515780480637,-7.449145599950138e-06,0.0008287854066225734,8.162229720578152e-05,-0.029133686000000002,0.060763856,0.06916296400000001,-0.017567742,0.074955183,0.14872381
43,-0.017567742,0.074955183,0.14872381,0.0047644614,0.0007210154799999999,-0.002671665,0.00030862555897856405,0.005618279458563488,0.022118771660916102,-5.421854194741197e-06,0.00042111916496176714,0.003289587993931471,-0.019529996,0.0939321,0.043378007999999996,-0.011029067,0.048390643,0.14867511
44,-0.011029067,0.048390643,0.14867511,0.0045908597999999995,0.00095284261,-0.0025838465,0.000121640318890489,0.0023416543299534485,0.0221042883335121,-1.3415792269445688e-06,0.00011331415871018153,0.003286357499456628,-0.017567742,0.074955183,0.14872381,-0.012385428,0.06834383,0.08016696599999999
45,-0.012385428,0.06834383,0.08016696599999999,0.0047223442,0.0011879702999999999,-0.0025294961,0.00015339882674318401,0.004670879099068899,0.0064267424376451545,-1.8999101239121802e-06,0.000319225767097318,0.0005152124424894561,-0.011029067,0.048390643,0.14867511,-0.014645085,0.069000545,0.072912049
46,-0.014645085,0.069000545,0.072912049,0.0047201841,0.0010687738000000001,-0.0024381869,0.000214478514657225,0.004761075210297025,0.005316166889378402,-3.141056077828806e-06,0.0003285167842964843,0.00038761262073053567,-0.012385428,0.06834383,0.08016696599999999,-0.045790739000000004,0.11181895,-0.060970397
47,-0.045790739000000004,0.11181895,-0.060970397,0.0038868119,0.00015027877,-0.0030470271999999995,0.002096791778166121,0.0125034775791025,0.003717389310337609,-9.601364505135076e-05,0.0013981257342437835,-0.00022665070205484024,-0.014645085,0.069000545,0.072912049,-0.024045825,0.072499542,0.17261524
48,-0.024045825,0.072499542,0.17261524,0.0044070819,0.00062922148,-0.0030175771,0.000578201699930625,0.005256183590209764,0.0297960210802576,-1.3903336891234321e-05,0.0003810709029581236,0.005143247329813725,-0.045790739000000004,0.11181895,-0.060970397,-0.022602905,0.07756431400000001,-0.0053042818
49,-0.022602905,0.07756431400000001,-0.0053042818,0.0041438306,0.0008976392500000001,-0.002856977,0.000510891314439025,0.0060162228062905975,2.8135405413811243e-05,-1.1547627845590411e-05,0.00046664419484108516,-1.4923811887210044e-07,-0.024045825,0.072499542,0.17261524,-0.035076374,0.05955754,0.071746804
50,-0.035076374,0.05955754,0.071746804,0.0039744906,0.00062844998,-0.0029275451,0.001230352012987876,0.0035471005708516,0.005147603884214416,-4.31562873592156e-05,0.00021125658413251699,0.0003693241269503704,-0.022602905,0.07756431400000001,-0.0053042818,-0.033215441,0.07946750799999999,0.076488905
51,-0.033215441,0.07946750799999999,0.076488905,0.0044463166,0.00095039254,-0.0027725825,0.001103265520824481,0.006315084827730063,0.0058505525880990245,-3.664545081427982e-05,0.0005018440540683173,0.0004475023611086104,-0.035076374,0.05955754,0.071746804,-0.019661762,0.03178041,0.23431178
52,-0.019661762,0.03178041,0.23431178,0.0042532737,0.0007937400200000001,-0.0027763001000000002,0.00038658488494464397,0.0010099944597681,0.0549020102467684,-7.600940000578972e-06,3.2098038029158724e-05,0.012864187746498543,-0.033215441,0.07946750799999999,0.076488905,-0.013962848,0.062881572,0.13550603
53,-0.013962848,0.062881572,0.13550603,0.0044454555,0.0010145503999999998,-0.0029719421,0.000194961124271104,0.003954092097191183,0.0183618841663609,-2.7222125441065357e-06,0.00024863952690415837,0.002488146026703425,-0.019661762,0.03178041,0.23431178,-0.017233452,0.086645568,0.09109035800000001
54,-0.017233452,0.086645568,0.09109035800000001,0.0047069567,0.0007835816499999999,-0.0025905592999999998,0.000296991867836304,0.007507454454042625,0.008297453320568166,-5.118195098747288e-06,0.0006504876554046531,0.0007558179934588431,-0.013962848,0.062881572,0.13550603,-0.013976336,0.084803031,0.068987008
55,-0.013976336,0.084803031,0.068987008,0.0045218526,0.00080810912,-0.0026788140000000003,0.00019533796798489603,0.0071915540667869616,0.004759207272792065,-2.73010907411415e-06,0.0006098655824639108,0.00032832347020176435,-0.017233452,0.086645568,0.09109035800000001,-0.0009534061300000001,0.045544974,0.25115911
56,-0.0009534061300000001,0.045544974,0.25115911,0.0050675856,0.00062731574,-0.0028030783,9.089832487215771e-07,0.002074344656660676,0.06308089853599211,-8.666302013984664e-10,9.447597345464941e-05,0.01584334233430008,-0.013976336,0.084803031,0.068987008,-0.010260038,0.08866225400000001,0.093392425
57,-0.010260038,0.08866225400000001,0.093392425,0.005150974,0.0011010317,-0.0031696663,0.00010526837976144402,0.007860995284360519,0.008722145047380626,-1.0800575765508466e-06,0.0006969735605947746,0.0008145822771766166,-0.0009534061300000001,0.045544974,0.25115911,-0.02767743,0.091134342,0.11026284
58,-0.02767743,0.091134342,0.11026284,0.0048864044,0.00079060837,-0.003235651,0.0007660401314048999,0.008305468291772963,0.0121578938848656,-2.120202211414992e-05,0.000756913387772593,0.0013405639081639142,-0.010260038,0.08866225400000001,0.093392425,-0.021236457,0.09442599900000001,0.11904735
59,-0.021236457,0.09442599900000001,0.11904735,0.0050458669,0.00059059004,-0.0030084982,0.000450987105912849,0.008916269287148003,0.014172271542022498,-9.577368282272664e-06,0.0008419276347919681,0.001687171370558192,-0.02767743,0.091134342,0.11026284,-0.016377237,0.08751229599999999,0.17353445
60,-0.016377237,0.08751229599999999,0.17353445,0.00561217,0.00035477804,-0.0031046983,0.000268213891754169,0.007658401951191614,0.0301142053368025,-4.392602471950371e-06,0.000670204338439658,0.005225852060309087,-0.021236457,0.09442599900000001,0.11904735,-0.017013412,0.08668256,0.10818186
61,-0.017013412,0.08668256,0.10818186,0.0052023458,0.00075003338,-0.0032355438,0.00028945618788174396,0.007513866208153601,0.011703314833059602,-4.924637380381517e-06,0.000651321158420247,0.0012660863668059773,-0.016377237,0.08751229599999999,0.17353445,-0.036311277,0.078400385,0.09555507199999999
62,-0.036311277,0.078400385,0.09555507199999999,0.005114812,0.00044069472000000004,-0.0034644825,0.0013185088373707293,0.006146620368148226,0.009130771784925181,-4.7876739620716506e-05,0.00048189740331166267,0.0008724915553240942,-0.017013412,0.08668256,0.10818186,-0.036352015,0.073674308,0.14804234
63,-0.036352015,0.073674308,0.14804234,0.0048660521000000005,0.00067177931,-0.0034814403000000002,0.001321468994560225,0.005427903659278863,0.021916534432675598,-4.803806071228822e-05,0.00039989704598803795,0.0032445750421038677,-0.036311277,0.078400385,0.09555507199999999,-0.013957268,0.034567537,0.23590864
64,-0.013957268,0.034567537,0.23590864,0.0049305918,0.00065523763,-0.0033396802000000003,0.000194805330023824,0.001194914614246369,0.0556528864266496,-2.7189501989709582e-06,4.130525513980209e-05,0.013128996748985367,-0.036352015,0.073674308,0.14804234,-0.019404976,0.069072753,0.13905323
65,-0.019404976,0.069072753,0.13905323,0.0054242783,0.00091124489,-0.0036242542,0.000376553093560576,0.004771045206999009,0.0193358007734329,-7.3070037432687324e-06,0.0003295492271348764,0.0026887055521823433,-0.013957268,0.034567537,0.23590864,-0.042530038,0.06292745599999999,0.086305264
66,-0.042530038,0.06292745599999999,0.086305264,0.0053570028,0.00055538711,-0.0039256906,0.0018088041322814438,0.003959864718631935,0.007448598594109697,-7.692850848048683e-05,0.00024918421284766344,0.0006428532680946663,-0.019404976,0.069072753,0.13905323,-0.040104623,0.06774954,0.15121918
67,-0.040104623,0.06774954,0.15121918,0.0048039823,0.00066161885,-0.0036451234000000002,0.001608380785972129,0.0045900001702115995,0.022867240399872403,-6.450350506185592e-05,0.0003109704001317576,0.003457965342131577,-0.042530038,0.06292745599999999,0.086305264,-0.030952511000000002,0.045938731,0.23569142
68,-0.030952511000000002,0.045938731,0.23569142,0.005021532899999999,0.00071356953,-0.0036718957,0.0009580579372051211,0.002110367005890361,0.05555044546161641,-2.9654298839978822e-05,9.69475821948727e-05,0.013092763372480928,-0.040104623,0.06774954,0.15121918,-0.021323533,0.023663971000000002,0.26402638
69,-0.021323533,0.023663971000000002,0.26402638,0.0049936235,0.0009274857,-0.0038019691999999997,0.00045469305960208894,0.0005599835234888412,0.0697099293359044,-9.69566246129611e-06,1.3251433860317758e-05,0.018405260292614644,-0.030952511000000002,0.045938731,0.23569142,-0.021432511,0.031804051,0.13616296
70,-0.021432511,0.031804051,0.13616296,0.0051774297,0.00081029398,-0.0037821637,0.00045935252776512105,0.001011497660010601,0.0185403516759616,-9.845078104203763e-06,3.2169723165357814e-05,0.0025245091636398923,-0.021323533,0.023663971000000002,0.26402638,-0.026554265,0.048638220999999995,0.14594767
71,-0.026554265,0.048638220999999995,0.14594767,0.0050049761,0.00067635853,-0.0038450585,0.000705128989690225,0.0023656765420448406,0.0213007223784289,-1.8724182051416503e-05,0.00011506229846649274,0.003108790800448556,-0.021432511,0.031804051,0.13616296,-0.02602268,0.041361271,0.17576906
72,-0.02602268,0.041361271,0.17576906,0.0050448612,0.00065459341,-0.0037299838,0.0006771798743824,0.0017107547387354408,0.0308947624532836,-1.7622035173493392e-05,7.075899036337076e-05,0.005430343355336952,-0.026554265,0.048638220999999995,0.14594767,-0.0011934218,0.015876529,0.27843675
73,-0.0011934218,0.015876529,0.27843675,0.0052557465,0.00091550985,-0.003454538,1.4242555927152398e-06,0.000252064173087841,0.0775270237505625,-1.6997376731182882e-09,4.001904153890127e-06,0.021586372530279434,-0.02602268,0.041361271,0.17576906,-0.023095598999999998,0.043818975,0.08689888400000001
74,-0.023095598999999998,0.043818975,0.08689888400000001,0.0053253288,0.0013527481,-0.0039353781,0.0005334066931688009,0.0019201025700506253,0.007551416040445458,-1.2319347089342665e-05,8.413692651448411e-05,0.0006562096265344093,-0.0011934218,0.015876529,0.27843675,-0.033505046000000004,0.052008436,0.12492372
75,-0.033505046000000004,0.052008436,0.12492372,0.0052075503000000006,0.0011027519,-0.0039484985,0.0011225881074621163,0.002704877415166096,0.0156059358186384,-3.7612366179571154e-05,0.00014067644393451134,0.0019495515565455543,-0.023095598999999998,0.043818975,0.08689888400000001,-0.038252325,0.028944197999999997,0.17366795
76,-0.038252325,0.028944197999999997,0.17366795,0.0051596140999999995,0.0010328372,-0.0040537947,0.0014632403679056248,0.0008377665978632038,0.030160556857202495,-5.597234610624552e-05,2.4248482286338946e-05,0.0052379220802488,-0.033505046000000004,0.052008436,0.12492372,-0.023100057,-0.0028205113,0.31543085
77,-0.023100057,-0.0028205113,0.31543085,0.0054516027000000005,0.0012362461,-0.0041678541,0.000533612633403249,7.95528399342769e-06,0.09949662113172249,-1.2326482247535157e-05,-2.2437968398171923e-08,0.03138430377570718,-0.038252325,0.028944197999999997,0.17366795,-0.043589875,0.025893338,0.11760783
78,-0.043589875,0.025893338,0.11760783,0.0056553025,0.0015212807,-0.0043449844,0.001900077202515625,0.0006704649527822439,0.013831601677308899,-8.282412774800578e-05,1.736057563954468e-05,0.0016267046586926597,-0.023100057,-0.0028205113,0.31543085,-0.046712351,0.030572286,0.14997044
79,-0.046712351,0.030572286,0.14997044,0.0055993974,0.0012070866,-0.0041790754,0.002182043735947201,0.0009346646712657961,0.022491132873793604,-0.00010192839289091697,2.85748356440339e-05,0.0033730050931812913,-0.043589875,0.025893338,0.11760783,-0.037493819,0.054326957,0.10513874
80,-0.037493819,0.054326957,0.10513874,0.0057464113,0.0010694911,-0.0040187385,0.0014057864632047608,0.0029514182568798493,0.011054154648787598,-5.270830320404946e-05,0.00016034157273052654,0.0011622198915386705,-0.046712351,0.030572286,0.14997044,-0.019735615,0.04863223,0.2140069
81,-0.019735615,0.04863223,0.2140069,0.0062620649,0.0011837298,-0.0039604181,0.00038949449942822506,0.0023650937947729,0.04579895324761,-7.68691348533317e-06,0.00011501978539896845,0.009801292007765949,-0.037493819,0.054326957,0.10513874,-0.031216783999999997,0.049351287,0.1321659
82,-0.031216783999999997,0.049351287,0.1321659,0.0059549024,0.0011742205,-0.0044580155,0.0009744876033026559,0.002435549528556369,0.01746782512281,-3.0420369022976693e-05,0.00012019750378650008,0.002308650828398794,-0.019735615,0.04863223,0.2140069,-0.049678198,0.050051277000000005,0.15062487
83,-0.049678198,0.050051277000000005,0.15062487,0.0061387785999999995,0.0007309865400000001,-0.0041134603,0.002467923356527204,0.0025051303293307293,0.022687851462516898,-0.00012260198515438303,0.00012538497203443358,0.0034173546771209175,-0.031216783999999997,0.049351287,0.1321659,-0.037773809,0.071215296,0.16735542
84,-0.037773809,0.071215296,0.16735542,0.0062215778,0.0006102911799999999,-0.0038960468,0.001426860646368481,0.005071618384367616,0.028007836603376402,-5.3897961525539544e-05,0.0003611768044417815,0.004687263258049431,-0.049678198,0.050051277000000005,0.15062487,-0.025396033,0.018797715,0.23772499
85,-0.025396033,0.018797715,0.23772499,0.0061238898,0.00087712847,-0.0041936840000000005,0.000644958492137089,0.000353354089221225,0.0565131708705001,-1.637938714994375e-05,6.642249463265159e-06,0.013434592980057926,-0.037773809,0.071215296,0.16735542,-0.05188971,0.076521479,0.10703396
86,-0.05188971,0.076521479,0.10703396,0.0061134534,0.0010109505,-0.0047915779999999995,0.0026925420038840997,0.005855536748347442,0.0114562685932816,-0.0001397152237443648,0.0004480743323223971,0.001226209794362559,-0.025396033,0.018797715,0.23772499,-0.042133475999999996,0.08959788099999999,0.12921821
87,-0.042133475999999996,0.08959788099999999,0.12921821,0.0062281776,0.0011483892,-0.004450450999999999,0.0017752297998425758,0.00802778027969016,0.0166973457956041,-7.479660216615196e-05,0.0007192721021938256,0.0021576011354589877,-0.05188971,0.076521479,0.10703396,-0.042578707,0.10273235,0.08989285
88,-0.042578707,0.10273235,0.08989285,0.0061938322,0.00095327291,-0.0043365419,0.0018129462897918491,0.0105539357365225,0.008080724481122499,-7.719290887978423e-05,0.0010842306199619373,0.0007263993536728725,-0.042133475999999996,0.08959788099999999,0.12921821,-0.026251444,0.069962518,0.19361772
89,-0.026251444,0.069962518,0.19361772,0.0067948015,0.00070644179,-0.0042437194,0.0006891383120851359,0.004894753924900324,0.0374878214979984,-1.8090875807957466e-05,0.0003424493095764096,0.007258306526209434,-0.042578707,0.10273235,0.08989285,-0.027413566,0.065379601,0.14269431
90,-0.027413566,0.065379601,0.14269431,0.0066505916,0.00090002219,-0.0043658303999999995,0.000751503600836356,0.004274492226919201,0.020361666106376096,-2.06013935607651e-05,0.0002794645962735788,0.0029054938954997233,-0.026251444,0.069962518,0.19361772,-0.040583472,0.059931526,0.10436424
91,-0.040583472,0.059931526,0.10436424,0.0068350552000000005,0.00051583237,-0.0045233568,0.001647018199574784,0.003591787808688676,0.0108918945907776,-6.684171698593367e-05,0.0002152613244429084,0.0011367243011266152,-0.027413566,0.065379601,0.14269431,-0.041082468999999996,0.058152857999999995,0.14339969
92,-0.041082468999999996,0.058152857999999995,0.14339969,0.0066564298,0.0006369121400000001,-0.0045696396000000005,0.0016877692591359607,0.0033817548935681633,0.020563471092096098,-6.933772826760607e-05,0.00019665871211647449,0.0029487953799305416,-0.040583472,0.059931526,0.10436424,-0.03616232,0.014200869,0.26677427
93,-0.03616232,0.014200869,0.26677427,0.0065607447,0.0005588446299999999,-0.00449444,0.0013077133877823998,0.000201664680355161,0.07116851113403289,-4.7289949997271225e-05,2.863813707650515e-06,0.018985927604768495,-0.041082468999999996,0.058152857999999995,0.14339969,-0.022661774,0.017165243,0.26169593
94,-0.022661774,0.017165243,0.26169593,0.0065218106000000005,0.0005220636400000001,-0.0045313972,0.000513556000827076,0.000294645567249049,0.06848475977856491,-1.163809002708701e-05,5.0576627607027675e-06,0.01792218290107814,-0.03616232,0.014200869,0.26677427,-0.0271403,0.031087688,0.13422707
95,-0.0271403,0.031087688,0.13422707,0.006440092,0.00063962025,-0.0042699755,0.0007365958840899999,0.000966444345185344,0.0180169063207849,-1.9991433272967826e-05,3.0044520272486276e-05,0.0024183565459034374,-0.022661774,0.017165243,0.26169593,-0.020127182,0.040458755,0.21129829
96,-0.020127182,0.040458755,0.21129829,0.006261288100000001,-5.4999779e-05,-0.003914532,0.000405103455261124,0.0016369108561500249,0.0446469673569241,-8.1535909728695e-06,6.62273752858141e-05,0.009433827856203881,-0.0271403,0.031087688,0.13422707,-0.019229161,0.030134356,0.23567948
97,-0.019229161,0.030134356,0.23567948,0.0065189869999999995,0.00012236622,-0.0039869701,0.0003697606327639211,0.0009080794115347361,0.0555448172930704,-7.110186738879314e-06,2.7364388263458244e-05,0.01309077365632584,-0.020127182,0.040458755,0.21129829,-0.013777708999999999,0.014357066000000002,0.266771
98,-0.013777708999999999,0.014357066000000002,0.266771,0.0063116953000000005,8.8730373e-05,-0.0042176661,0.00018982526528868096,0.00020612534412835606,0.07116676644099999,-2.615357265995247e-06,2.9593551699235208e-06,0.018985229450232007,-0.019229161,0.030134356,0.23567948,-0.038008627999999996,0.014710774,0.16254126
99,-0.038008627999999996,0.014710774,0.16254126,0.0061407821,3.0476608999999997e-06,-0.0044526635,0.0014446558024423836,0.000216406871679076,0.026419661202387597,-5.4909384983074044e-05,3.1835125813178875e-06,0.004294285020609195,-0.013777708999999999,0.014357066000000002,0.266771,-0.028749319,0.023365564,0.21021908
100,-0.028749319,0.023365564,0.21021908,0.006362522099999999,-0.00019941942999999999,-0.004009884799999999,0.0008265233429637609,0.0005459495810380959,0.044192061596046404,-2.3761983247811568e-05,1.2756419876518815e-05,0.009290014532024207,-0.038008627999999996,0.014710774,0.16254126,-0.025981041,0.011383303,0.25552673
101,-0.025981041,0.011383303,0.25552673,0.006022787900000001,8.4133631e-05,-0.0040724854999999996,0.000675014491443681,0.000129579587189809,0.0652939097444929,-1.7537579177792424e-05,1.4750437035965146e-06,0.016684339245925404,-0.028749319,0.023365564,0.21021908,-1.1838966e-05,0.0018263744,0.35403997
102,-1.1838966e-05,0.0018263744,0.35403997,0.0065405744,0.00011583911,-0.0038900522,1.40161115949156e-10,3.3356434489753605e-06,0.12534430035760089,-1.6593626862441156e-15,6.092133802736305e-09,0.044376892338276006,-0.025981041,0.011383303,0.25552673,-0.024197789,0.011372963,0.2014488
103,-0.024197789,0.011372963,0.2014488,0.0064561829,0.00053911477,-0.0040624965,0.000585532992488521,0.000129344287399369,0.04058161902144,-1.4168603804775817e-05,1.4710277948543899e-06,0.008175118453926263,-1.1838966e-05,0.0018263744,0.35403997,-0.034456431,0.022188247999999997,0.20498146
104,-0.034456431,0.022188247999999997,0.20498146,0.0062429988,0.00031515773999999996,-0.0040791342999999996,0.0011872456372577613,0.0004923183493095039,0.042017398943731604,-4.0908247380223086e-05,1.09236816294299e-05,0.008612787780888562,-0.024197789,0.011372963,0.2014488,-0.031225205,0.012628371999999999,0.25375967
105,-0.031225205,0.012628371999999999,0.25375967,0.006176259,0.00023516468999999998,-0.0039272267,0.000975013427292025,0.00015947577937038397,0.06439397011850889,-3.044499414494607e-05,2.0139194668791342e-06,0.016340592607262675,-0.034456431,0.022188247999999997,0.20498146,-0.026811175,0.010504887,0.34900667
106,-0.026811175,0.010504887,0.34900667,0.0064601789,0.00034423675000000003,-0.0040461756,0.000718839104880625,0.00011035265088276898,0.12180565570448891,-1.9272921037797792e-05,1.1592421276739383e-06,0.04251098628459018,-0.031225205,0.012628371999999999,0.25375967,-0.037704646,-0.00061590069,0.24591342
107,-0.037704646,-0.00061590069,0.24591342,0.00612569,0.0007311073700000001,-0.0042730865,0.001421640329985316,3.793336599424761e-07,0.060473410136096396,-5.360244538141953e-05,-2.336318628987964e-10,0.014871223105630129,-0.026811175,0.010504887,0.34900667,-0.040780216,-0.0024382105,0.25492562
108,-0.040780216,-0.0024382105,0.25492562,0.0063069928,0.0005347651,-0.0042348387,0.001663026017006656,5.944870442310249e-06,0.06498707173238441,-6.781856018715111e-05,-1.4494845533580493e-08,0.016566869553362572,-0.037704646,-0.00061590069,0.24591342,-0.049664895,-0.005287558299999999,0.26880236
109,-0.049664895,-0.005287558299999999,0.26880236,0.0057211351,0.00043595184,-0.0045071126,0.002466601795361025,2.795827277589888e-05,0.07225470874156961,-0.00012250351917341678,-1.4783099726986815e-07,0.019422236230846542,-0.040780216,-0.0024382105,0.25492562,-0.046930104,-0.024079502000000003,0.36152593
110,-0.046930104,-0.024079502000000003,0.36152593,0.006061920300000001,0.0006024026799999999,-0.0045666136,0.002202434661450816,0.0005798224165680042,0.1307009980623649,-0.00010336048771509159,-1.3961835039394091e-05,0.047251799876424666,-0.049664895,-0.005287558299999999,0.26880236,-0.054392837,-0.02516481,0.2854241
111,-0.054392837,-0.02516481,0.2854241,0.0053140726,0.00090906727,-0.004946515,0.002958580716908569,0.0006332676623361,0.08146691686081001,-0.00016092559868615094,-1.593606040183211e-05,0.02325262142477152,-0.046930104,-0.024079502000000003,0.36152593,-0.069610847,-0.037823668,0.25372853
112,-0.069610847,-0.037823668,0.25372853,0.0052739328000000005,0.00064748581,-0.0049936315999999994,0.0048456700200574096,0.0014306298609742239,0.0643781669359609,-0.00033731119437870326,-5.4111668892375195e-05,0.016334577660755967,-0.054392837,-0.02516481,0.2854241,-0.068269985,-0.018898109,0.30894837
113,-0.068269985,-0.018898109,0.30894837,0.0052941583999999995,0.00046220558,-0.0049175652000000005,0.0046607908519002254,0.00035713852377588097,0.09544909532565692,-0.0003181921215473656,-6.74924275041569e-06,0.029488842418836324,-0.069610847,-0.037823668,0.25372853,-0.053289285,-0.052972547,0.35310937
114,-0.053289285,-0.052972547,0.35310937,0.0050595942,0.00043249873,-0.004730638400000001,0.0028397478958112248,0.0028060907356672092,0.12468622718179688,-0.00015132813494803465,-0.00014864577338139583,0.04402787512784117,-0.068269985,-0.018898109,0.30894837,-0.047893887,-0.054155830999999995,0.33388434
115,-0.047893887,-0.054155830999999995,0.33388434,0.0050989593,0.0007907283,-0.0049314662,0.0022938244119687693,0.0029328540313005606,0.1114787524972356,-0.00010986016718467369,-0.00015883114726678184,0.03722100970156286,-0.053289285,-0.052972547,0.35310937,-0.05933949,-0.064353265,0.30492457
116,-0.05933949,-0.064353265,0.30492457,0.0052090191,0.00073602436,-0.0049790089,0.0035211750734601,0.004141342716160226,0.0929789933896849,-0.0002089447330598349,-0.0002665089252688788,0.028351579578382514,-0.047893887,-0.054155830999999995,0.33388434,-0.06676172799999999,-0.045198608,0.33663617
117,-0.06676172799999999,-0.045198608,0.33663617,0.0053561967,0.0005607166200000001,-0.0047669571,0.004457128325545983,0.0020429141651376642,0.1133239109522689,-0.0002975655889311963,-9.233687652770455e-05,0.03814892735239286,-0.05933949,-0.064353265,0.30492457,-0.082304735,-0.053946639000000005,0.35226978
118,-0.082304735,-0.053946639000000005,0.35226978,0.0054436667000000005,0.00041876559999999997,-0.0052460946,0.006774069403420226,0.0029102398593963217,0.12409399790124838,-0.0005575379871201098,-0.00015699765909826414,0.043714565339993225,-0.06676172799999999,-0.045198608,0.33663617,-0.067683733,-0.072590288,0.35609242
119,-0.067683733,-0.072590288,0.35609242,0.0049468898,0.00064770665,-0.005060658,0.004581087712815289,0.005269349911922945,0.12680181158145643,-0.0003100651176037707,-0.0003825036276792612,0.04515316394642485,-0.082304735,-0.053946639000000005,0.35226978,-0.06365148400000001,-0.044375819000000004,0.22999518
120,-0.06365148400000001,-0.044375819000000004,0.22999518,0.0053485044,0.0004942876,-0.0050756583,0.004051511415402257,0.0019692133119207614,0.052897782823232396,-0.00025788471403329413,-8.738545350218626e-05,0.012166235082030243,-0.067683733,-0.072590288,0.35609242,-0.065842228,-0.056543279,0.30924979
121,-0.065842228,-0.056543279,0.30924979,0.005316224499999999,0.00035378172,-0.0049462608,0.004335198988003984,0.003197142400071841,0.09563543261504412,-0.0002854391601935276,-0.00018077691472999174,0.029575237452761548,-0.06365148400000001,-0.044375819000000004,0.22999518,-0.071923649,-0.076981725,0.28152004
122,-0.071923649,-0.076981725,0.28152004,0.0049867431,9.8256188e-05,-0.0046869324,0.005173011285475202,0.005926185983975625,0.07925353292160162,-0.00037206184796955723,-0.000456208019717266,0.022311457758230607,-0.065842228,-0.056543279,0.30924979,-0.057227272,-0.063501901,0.31261581
123,-0.057227272,-0.063501901,0.31261581,0.0053921953,0.00040604809,-0.0046246746,0.0032749606605619844,0.004032491430613801,0.09772864466195609,-0.00018741706451128035,-0.00025607087161018594,0.03055151941119958,-0.071923649,-0.076981725,0.28152004,-0.059714933,-0.0537352,0.22811302
124,-0.059714933,-0.0537352,0.22811302,0.0052306883,0.0005289492900000001,-0.0050066311,0.0035658732231944887,0.00288747171904,0.0520355498935204,-0.00021293588060955292,-0.0001551588703169582,0.011869986433571617,-0.057227272,-0.063501901,0.31261581,-0.08075262,-0.080665524,0.23369538
125,-0.08075262,-0.080665524,0.23369538,0.0049233259,9.155556800000001e-05,-0.00506138,0.0065209856368644,0.006506926762194576,0.054613530633344405,-0.0005265866751591688,-0.0005248846569020489,0.012762929794501061,-0.059714933,-0.0537352,0.22811302,-0.065495207,-0.061591194,0.31461968
126,-0.065495207,-0.061591194,0.31461968,0.0054582721,0.00045330045,-0.0049923154999999995,0.004289622139972849,0.003793475178345636,0.09898554304330241,-0.00028094969000930475,-0.0002336446656436707,0.031142799876910033,-0.08075262,-0.080665524,0.23369538,-0.062456845999999996,-0.096505248,0.3435169
127,-0.062456845999999996,-0.096505248,0.3435169,0.0053179406,0.00054316473,-0.0053036337,0.0039008576122677155,0.009313262891541505,0.11800386058561001,-0.0002436352631573324,-0.0008987787450374101,0.04053632037640094,-0.065495207,-0.061591194,0.31461968,-0.06852649,-0.09099869699999999,0.23833689
128,-0.06852649,-0.09099869699999999,0.23833689,0.0052334323,0.0009226067,-0.0055274918,0.004695879831720099,0.008280762855697807,0.0568044731348721,-0.00032179216232956906,-0.0007535386300344993,0.013538601465053967,-0.062456845999999996,-0.096505248,0.3435169,-0.055738427,-0.086470928,0.25407174
129,-0.055738427,-0.086470928,0.25407174,0.0049181259000000005,0.0009347712,-0.0051196991,0.003106772244434329,0.007477221389181185,0.06455244906662759,-0.000173166597952029,-0.0006465622723839462,0.016400953055619446,-0.06852649,-0.09099869699999999,0.23833689,-0.051429725999999995,-0.093590936,0.27411264
130,-0.051429725999999995,-0.093590936,0.27411264,0.0048506289,0.0010287542,-0.005225077,0.0026450167164350754,0.008759263301356096,0.0751377394077696,-0.0001360324849916756,-0.0008197876510443671,0.020596204112695766,-0.055738427,-0.086470928,0.25407174,-0.039962436000000004,-0.10844273,0.27324776
131,-0.039962436000000004,-0.10844273,0.27324776,0.004889403499999999,0.0008934007400000001,-0.0050117006,0.0015969962910540962,0.0117598256898529,0.07466433834501761,-6.38198620734867e-05,-0.0012752676021317818,0.020401863204658168,-0.051429725999999995,-0.093590936,0.27411264,-0.057321014,-0.088088692,0.18134353
132,-0.057321014,-0.088088692,0.18134353,0.0043548703,0.0014618858999999999,-0.0054618051,0.003285698645988196,0.007759617658270863,0.0328854758728609,-0.00018833957808647044,-0.0006835345699371832,0.005963568280514427,-0.039962436000000004,-0.10844273,0.27324776,-0.06773658099999999,-0.072302828,0.082562873
133,-0.06773658099999999,-0.072302828,0.082562873,0.0040935157000000005,0.0010660941,-0.0054502182,0.00458824440556956,0.005227698936797584,0.006816627998014128,-0.0003107919888256593,-0.0003779774170630586,0.0005628003916882847,-0.057321014,-0.088088692,0.18134353,-0.061916514000000006,-0.082089908,0.18539161
134,-0.061916514000000006,-0.082089908,0.18539161,0.004599817,0.0010255398,-0.0053308823,0.003833654705912197,0.006738752995448465,0.0343700490583921,-0.00023736653526977846,-0.0005531836134310889,0.006371918730714296,-0.06773658099999999,-0.072302828,0.082562873,-0.056998478,-0.085020427,0.20188541
135,-0.056998478,-0.085020427,0.20188541,0.0045057752,0.0011476135,-0.0053946812,0.003248826494316484,0.007228473007262328,0.0407577187708681,-0.0001851781654621152,-0.0006145678616354172,0.0082283887647214,-0.061916514000000006,-0.082089908,0.18539161,-0.045410009,-0.10853905,0.20508256
136,-0.045410009,-0.10853905,0.20508256,0.0041945421,0.0016273147,-0.0054407374,0.002062068917380081,0.0117807253749025,0.042058856416153596,-9.363856809684974e-05,-0.0012786687405028111,0.008625537944497205,-0.056998478,-0.085020427,0.20188541,-0.041264487,-0.084188797,0.17032774
137,-0.041264487,-0.084188797,0.17032774,0.0047898316,0.0015357201,-0.0050436928,0.0017027578873731691,0.007087753540307208,0.0290115390135076,-7.026343070765761e-05,-0.0005967094439909549,0.004941469874092579,-0.045410009,-0.10853905,0.20508256,-0.032576413,-0.10822315,0.24810138
138,-0.032576413,-0.10822315,0.24810138,0.0042169892,0.0017919128,-0.0049462604,0.001061222683946569,0.011712250195922501,0.06155429475790441,-3.45708284372119e-05,-0.0012675366097908503,0.015271705474362851,-0.041264487,-0.084188797,0.17032774,-0.045225975999999994,-0.10473046,0.25260764
139,-0.045225975999999994,-0.10473046,0.25260764,0.0043073391999999995,0.0014024826999999998,-0.00516423,0.0020453889051525753,0.0109684692518116,0.06381061978636961,-9.250470953509663e-05,-0.0011487328302380846,0.016119050071172134,-0.032576413,-0.10822315,0.24810138,-0.04301569,-0.10755445,0.15525289
140,-0.04301569,-0.10755445,0.15525289,0.0037494515,0.0015835032999999999,-0.0052845559,0.0018503495861761001,0.0115679597148025,0.0241034598533521,-7.959406419057942e-05,-0.0012441855447477396,0.00374213180123189,-0.045225975999999994,-0.10473046,0.25260764,-0.045241382000000004,-0.10239985,0.19491486
141,-0.045241382000000004,-0.10239985,0.19491486,0.0043333738,0.0013588221,-0.0051867766,0.0020467826452699243,0.010485729280022501,0.0379918026488196,-9.259927552562715e-05,-0.001073737105414912,0.007405166894442301,-0.04301569,-0.10755445,0.15525289,-0.052660909000000006,-0.10178343,0.2340096
142,-0.052660909000000006,-0.10178343,0.2340096,0.0040987661,0.0012317205000000001,-0.0053417583999999995,0.0027731713367062814,0.0103598666225649,0.054760492892160006,-0.00014603772340369785,-0.0010544627591871707,0.012814481037497208,-0.045241382000000004,-0.10239985,0.19491486,-0.051772102,-0.1196298,0.2507105
143,-0.051772102,-0.1196298,0.2507105,0.0039739571,0.0013076617,-0.0055268301,0.002680350545498404,0.014311289048039999,0.06285575481025,-0.000138767381837299,-0.0017120566465592154,0.015758597716355183,-0.052660909000000006,-0.10178343,0.2340096,-0.055967217,-0.12811402,0.20049209
144,-0.055967217,-0.12811402,0.20049209,0.0035876696999999997,0.0013588182,-0.0057866144999999996,0.003132329378725089,0.0164132021205604,0.04019707815256811,-0.00017530775805458225,-0.0021027613047375176,0.00805919621070172,-0.051772102,-0.1196298,0.2507105,-0.057663639,-0.10812733,0.1709202
145,-0.057663639,-0.10812733,0.1709202,0.0042938438,0.0013608186,-0.0058489647,0.0033250952627223215,0.011691519492928898,0.029213714768039998,-0.0001917370928702301,-0.0012641727864133555,0.00499321397089635,-0.055967217,-0.12811402,0.20049209,-0.057986214,-0.11561715,0.15095448
146,-0.057986214,-0.11561715,0.15095448,0.0039448514,0.0013960307000000002,-0.0057110768,0.003362401014053796,0.0133673253741225,0.0227872550320704,-0.00019497290475474044,-0.0015454920628787273,0.003439838233993571,-0.057663639,-0.10812733,0.1709202,-0.055426290999999996,-0.12475638,0.2235603
147,-0.055426290999999996,-0.12475638,0.2235603,0.0040685858,0.0014427060999999998,-0.0059125981,0.0030720737340166806,0.0155641543507044,0.04997920773608999,-0.00017027365275506512,-0.0019417275545551313,0.011173366675242598,-0.057986214,-0.11561715,0.15095448,-0.043870574,-0.10808858,0.19837443
148,-0.043870574,-0.10808858,0.19837443,0.0040609235999999995,0.0017886091,-0.0056531657,0.0019246272630894761,0.011683141126416401,0.03935241447782489,-8.443450276778434e-05,-0.0012628141342939493,0.0078065127911622605,-0.055426290999999996,-0.12475638,0.2235603,-0.061791582000000005,-0.12047984,0.13816999
149,-0.061791582000000005,-0.12047984,0.13816999,0.0042883308,0.0011191625,-0.005909599200000001,0.0038181996060627247,0.0145153918464256,0.019090946136600097,-0.00023593259405039257,-0.001748812087194661,0.002637795836784574,-0.043870574,-0.10808858,0.19837443,-0.06471738,-0.12238591,0.2212618
150,-0.06471738,-0.12238591,0.2212618,0.0039746541,0.0010336016,-0.0057714362,0.004188339274064401,0.0149783109665281,0.048956784139240005,-0.00027105834436854997,-0.0018331342179015212,0.010832266180859694,-0.061791582000000005,-0.12047984,0.13816999,-0.073246848,-0.13218583,0.22551269
151,-0.073246848,-0.13218583,0.22551269,0.0040378812,0.0011302037,-0.0059684607999999995,0.005365100741935105,0.0174730936527889,0.050855973351036095,-0.0003929767185492079,-0.0023096953871616327,0.011468667352960463,-0.06471738,-0.12238591,0.2212618,-0.051911467999999995,-0.12097255,0.21884764
152,-0.051911467999999995,-0.12097255,0.21884764,0.0044961390000000006,0.0009647251199999999,-0.005556758,0.0026948005099150236,0.0146343578535025,0.047894289533569605,-0.0001398910504368374,-0.0017703555871507238,0.01048155223389841,-0.073246848,-0.13218583,0.22551269,-0.035516577,-0.11461431,0.12850304
153,-0.035516577,-0.11461431,0.12850304,0.0044688314000000005,0.0015242,-0.005253566800000001,0.0012614272417969291,0.013136440056776099,0.016513031289241604,-4.480157776317825e-05,-0.0015056240129637532,0.0021219747202826655,-0.051911467999999995,-0.12097255,0.21884764,-0.042486265999999995,-0.093664817,0.19616105
154,-0.042486265999999995,-0.093664817,0.19616105,0.0048481166,0.0015679795000000001,-0.0052832943000000005,0.0018050827986227556,0.008773097943643489,0.0384791575371025,-7.669122793431082e-05,-0.0008217306134144436,0.007548111945593441,-0.035516577,-0.11461431,0.12850304,-0.046941233,-0.10973967,0.24858745
155,-0.046941233,-0.10973967,0.24858745,0.0046077451,0.0016784998999999998,-0.005506854,0.002203479355560289,0.012042795171708899,0.06179572029750249,-0.00010343403784004537,-0.001321572368020928,0.015361640529669386,-0.042486265999999995,-0.093664817,0.19616105,-0.044113034,-0.13010973,0.25674473
156,-0.044113034,-0.13010973,0.25674473,0.0044410655,0.001621464,-0.0055631911,0.0019459597686851563,0.0169285418406729,0.0659178563827729,-8.584218943864044e-05,-0.0022025680081836545,0.016924062239173802,-0.046941233,-0.10973967,0.24858745,-0.032605044,-0.1384752,0.1962331
157,-0.032605044,-0.1384752,0.1962331,0.0045825663,0.0020169699,-0.0055039534999999995,0.001063088894241936,0.01917538101504,0.03850742953561,-3.466206017266967e-05,-0.002655314721133867,0.00755643227080431,-0.044113034,-0.13010973,0.25674473,-0.022348677999999997,-0.12071979,0.17604739
158,-0.022348677999999997,-0.12071979,0.17604739,0.0048642903,0.0016814869,-0.005012638,0.0004994634083476838,0.014573267697644098,0.0309926835258121,-1.1162346885944896e-05,-0.001759281816073379,0.005456181043815217,-0.032605044,-0.1384752,0.1962331,-0.040488985,-0.11317909,0.18067221
159,-0.040488985,-0.11317909,0.18067221,0.0043752869,0.0015481070000000002,-0.0053924191,0.0016393579063302248,0.0128095064132281,0.0326424474662841,-6.637593767903587e-05,-0.0014497682791983202,0.0058975831235424485,-0.022348677999999997,-0.12071979,0.17604739,-0.05467878,-0.11244572,0.21598293
160,-0.05467878,-0.11244572,0.21598293,0.0045313585,0.0015684395000000002,-0.005769573,0.0029897689822884,0.0126440399463184,0.046648626051384895,-0.00016347692043337133,-0.0014217681754725338,0.01007530693505244,-0.040488985,-0.11317909,0.18067221,-0.047356003,-0.13061245,0.15952335
161,-0.047356003,-0.13061245,0.15952335,0.0043286051,0.0018849938,-0.0058841132,0.002242591020136009,0.017059612095002497,0.025447699195222502,-0.0001062001470773339,-0.0022281977317779086,0.004059502225414198,-0.05467878,-0.11244572,0.21598293,-0.051998782,-0.12824806,0.1773279
162,-0.051998782,-0.12824806,0.1773279,0.0044916456,0.0016773827999999999,-0.0057646437,0.002703873329483524,0.0164475648937636,0.031445184118410005,-0.00014059811981542795,-0.0021093682893492875,0.005576108464830998,-0.047356003,-0.13061245,0.15952335,-0.04791842599999999,-0.13298386,0.15013466
163,-0.04791842599999999,-0.13298386,0.15013466,0.004497475999999999,0.0015638382,-0.005626450799999999,0.0022961755503174753,0.017684707020499603,0.022540416133315602,-0.0001100291181908972,-0.0023517806025551364,0.0033840977124338528,-0.051998782,-0.12824806,0.1773279,-0.048551591,-0.14671411,0.19543745
164,-0.048551591,-0.14671411,0.19543745,0.0046828127,0.0014373769,-0.0055489664,0.002357256988631281,0.021525030073092102,0.038195796862502504,-0.00011444857719391759,-0.003158025629896943,0.007464889139525491,-0.04791842599999999,-0.13298386,0.15013466,-0.039916689,-0.14829882,0.16507235
165,-0.039916689,-0.14829882,0.16507235,0.0041288983,0.0017779296,-0.0053588509,0.0015933420607227209,0.0219925400133924,0.0272488807345225,-6.360093950848796e-05,-0.003261467732788877,0.004498036777717355,-0.048551591,-0.14671411,0.19543745,-0.054358882000000004,-0.14349768,0.17019069
166,-0.054358882000000004,-0.14349768,0.17019069,0.004452396,0.0014314885,-0.0055141726,0.0029548880522899243,0.0205915841653824,0.028964870962676102,-0.00016062441095763785,-0.00295484455525711,0.004929551374898811,-0.039916689,-0.14829882,0.16507235,-0.051601907,-0.13743555,0.13196194
167,-0.051601907,-0.13743555,0.13196194,0.0044966233000000005,0.0012734969,-0.0053797952,0.0026627568060366494,0.018888530403802496,0.0174139536085636,-0.00013740332906872022,-0.002595955564738318,0.0022979791012560534,-0.054358882000000004,-0.14349768,0.17019069,-0.03288264,-0.14260018,0.17834831
168,-0.03288264,-0.14260018,0.17834831,0.0047685222999999995,0.0014934104,-0.0051015168,0.0010812680133696,0.020334811336032398,0.031808119679856105,-3.555494682714774e-05,-0.00289974775678426,0.005672924389180077,-0.051601907,-0.13743555,0.13196194,-0.034598443,-0.15557456,0.12675667
169,-0.034598443,-0.15557456,0.12675667,0.0043657617,0.0017480822,-0.005476184499999999,0.001197052258024249,0.0242034437191936,0.016067253389488896,-4.141614431727327e-05,-0.0037654401070983078,0.002036631535697825,-0.03288264,-0.14260018,0.17834831,-0.054808073,-0.1578652,0.12492078
170,-0.054808073,-0.1578652,0.12492078,0.0044334131,0.0017059102,-0.0056990511,0.003003924865973329,0.024921421371040003,0.0156052012758084,-0.00016463933334078142,-0.003934225169023505,0.0019494139154309803,-0.034598443,-0.15557456,0.12675667,-0.068583536,-0.14998221,0.16599971
171,-0.068583536,-0.14998221,0.16599971,0.0045031143,0.0015269511,-0.005785333399999999,0.004703701410263296,0.0224946633164841,0.0275559037200841,-0.0003225964750040435,-0.003373799317412215,0.004574272026321881,-0.054808073,-0.1578652,0.12492078,-0.061468989,-0.16983398,0.21117469
172,-0.061468989,-0.16983398,0.21117469,0.00474765,0.0013787264000000002,-0.0055987721,0.0037784366086821212,0.0288435807626404,0.044594749696596096,-0.00023225667833627863,-0.004898620118370654,0.009417282442806275,-0.068583536,-0.14998221,0.16599971,-0.051834938,-0.18052471,0.20590854
173,-0.051834938,-0.18052471,0.20590854,0.0042354137,0.0016125832,-0.0056050505,0.0026868607974638438,0.0325891709205841,0.0423983268449316,-0.0001392732628511689,-0.005883150629578878,0.008730177579082671,-0.061468989,-0.16983398,0.21117469,-0.068092322,-0.16018443,0.1501018
174,-0.068092322,-0.16018443,0.1501018,0.0047511314,0.0015067085999999998,-0.0058426736,0.004636564315351683,0.025659051614424895,0.022530550363240004,-0.00031571443033463634,-0.004110180557197232,0.0033818761645129786,-0.051834938,-0.18052471,0.20590854,-0.062462449,-0.17852023,0.15109679
175,-0.062462449,-0.17852023,0.15109679,0.0044765227,0.001489662,-0.0056623857,0.0039015575350776015,0.0318694725192529,0.022830239948304104,-0.00024370083855535042,-0.0056893455641157074,0.003449575971118516,-0.068092322,-0.16018443,0.1501018,-0.05283445,-0.1784069,0.18945633
176,-0.05283445,-0.1784069,0.18945633,0.0045102816999999995,0.0017803995000000002,-0.0055503715,0.0027914791068025,0.031829021967610005,0.035893700977068906,-0.00014748626329440134,-0.005678517139273202,0.0068002888572328895,-0.062462449,-0.17852023,0.15109679,-0.052470410999999995,-0.1688794,0.10535508
177,-0.052470410999999995,-0.1688794,0.10535508,0.0042035592,0.0019170955,-0.0055872527,0.0027531440305089204,0.028520251744360004,0.0110996928818064,-0.00014445859882299957,-0.004816483002436471,0.0011694090315381438,-0.05283445,-0.1784069,0.18945633,-0.050467085,-0.15834719,0.093855316
178,-0.050467085,-0.15834719,0.093855316,0.0044219789,0.0021065770999999997,-0.0058656138,0.0025469266683972253,0.0250738325808961,0.008808820341459855,-0.00012853596466276957,-0.003970370931715345,0.0008267546167349426,-0.052470410999999995,-0.1688794,0.10535508,-0.056753603,-0.15804848,0.11996628
179,-0.056753603,-0.15804848,0.11996628,0.0043887757,0.0016977048,-0.005767780500000001,0.003220971453481609,0.0249793220303104,0.014391908337038399,-0.0001828017351452282,-0.003947943878321072,0.001726543705295483,-0.050467085,-0.15834719,0.093855316,-0.069050152,-0.17130951,0.13830562
180,-0.069050152,-0.17130951,0.13830562,0.0041659943,0.0018992993,-0.0061158063,0.004767923491223104,0.0293469482164401,0.019128444523584396,-0.000329225841793326,-0.005027411318953727,0.0026455713794699444,-0.056753603,-0.15804848,0.11996628,-0.06513355900000001,-0.189464,0.19039427
181,-0.06513355900000001,-0.189464,0.19039427,0.0041965486,0.0016977696,-0.006049791800000001,0.004242380508006482,0.035896607296,0.0362499780488329,-0.0002763213411186902,-0.0068011148047293435,0.006901788108123564,-0.069050152,-0.17130951,0.13830562,-0.05472774,-0.14531543,0.054188828
182,-0.05472774,-0.14531543,0.054188828,0.0045376646000000005,0.00225627,-0.0056623122,0.0029951255255075996,0.021116574196084897,0.0029364290800135842,-0.00016391645102734327,-0.003068564059430981,0.00015912165035105436,-0.06513355900000001,-0.189464,0.19039427,-0.039492131,-0.14406946,0.053829744000000006
183,-0.039492131,-0.14406946,0.053829744000000006,0.0042795316,0.0022503655,-0.0052095053,0.001559628410921161,0.020756009304691604,0.0028976413391055365,-6.159304951542032e-05,-0.002990307052281895,0.00015597929148786823,-0.05472774,-0.14531543,0.054188828,-0.04347659,-0.15021214,0.075930712
184,-0.04347659,-0.15021214,0.075930712,0.004334364,0.0017453996,-0.0051277782000000004,0.0018902138780281003,0.022563687003379598,0.005765473024826944,-8.218005378733773e-05,-0.0033893397110678364,0.00043777647179190347,-0.039492131,-0.14406946,0.053829744000000006,-0.026613607,-0.14669667,0.11159299
185,-0.026613607,-0.14669667,0.11159299,0.0045918256,0.0019198489000000001,-0.0049853249,0.000708284077550449,0.0215199129890889,0.0124529954171401,-1.8849994084285173e-05,-0.003156899574189088,0.001389666993054961,-0.04347659,-0.15021214,0.075930712,-0.037205692,-0.16511945,0.051686178
186,-0.037205692,-0.16511945,0.051686178,0.0038693405,0.0018908872,-0.0052435351,0.001384263517198864,0.0272644327683025,0.002671460996247684,-5.150248206773763e-05,-0.004501888143264086,0.0001380776085721151,-0.026613607,-0.14669667,0.11159299,-0.041246008,-0.16055518,0.11340547
187,-0.041246008,-0.16055518,0.11340547,0.0045308703999999995,0.0019546049,-0.0050224873,0.001701233175936064,0.025777965824832397,0.012860800625920899,-7.01690771845243e-05,-0.004138785943039814,0.0014584851395588537,-0.037205692,-0.16511945,0.051686178,-0.053267424,-0.13954929,0.12051591
188,-0.053267424,-0.13954929,0.12051591,0.0045470669,0.0016916063000000001,-0.0052016679,0.002837418459595776,0.019474004339504098,0.014524084563128101,-0.00015114197215271505,-0.0027175834790347155,0.0017503832680423356,-0.041246008,-0.16055518,0.11340547,-0.044484080999999995,-0.1629126,0.15757353
189,-0.044484080999999995,-0.1629126,0.15757353,0.0044316295,0.0018144404999999998,-0.0050424856,0.0019788334624145604,0.02654051523876,0.024829417356660898,-8.802658802755975e-05,-0.004323784342886012,0.003912458940732327,-0.053267424,-0.13954929,0.12051591,-0.036941929,-0.16861081,0.15224775
190,-0.036941929,-0.16861081,0.15224775,0.0042482208,0.0021653364,-0.005177398,0.001364706118241041,0.0284296052488561,0.023179377380062496,-5.041487652592614e-05,-0.004793538768989879,0.0035290080525154097,-0.044484080999999995,-0.1629126,0.15757353,-0.036278866,-0.17043991,0.10951188
191,-0.036278866,-0.17043991,0.10951188,0.0042029576,0.0020462975,-0.0050220439,0.001316156118245956,0.0290497629208081,0.0119928518611344,-4.774865144892519e-05,-0.0049512389777438695,0.0013133597538743272,-0.036941929,-0.16861081,0.15224775,-0.043657435999999994,-0.17480544,0.10364329
192,-0.043657435999999994,-0.17480544,0.10364329,0.0040772709999999995,0.0019876188,-0.0051717872,0.0019059717180940955,0.030556941853593603,0.0107419315620241,-8.3209838300503e-05,-0.005341519665771845,0.0011133291280430169,-0.036278866,-0.17043991,0.10951188,-0.04186111,-0.17267838,0.1203826
193,-0.04186111,-0.17267838,0.1203826,0.0044443631,0.0019482401999999998,-0.0052484855,0.0017523525304321,0.0298178229194244,0.014491970382760002,-7.335542203519648e-05,-0.005148893356853076,0.0017445810737996444,-0.043657435999999994,-0.17480544,0.10364329,-0.030872682000000002,-0.17985512,0.12081852
194,-0.030872682000000002,-0.17985512,0.12081852,0.0042200047,0.0021949769,-0.005169209,0.0009531224938731241,0.032347864190214404,0.0145971147749904,-2.942544766039191e-05,-0.0058179289956747145,0.0017636018033844732,-0.04186111,-0.17267838,0.1203826,-0.03229917,-0.18194645,0.065104523
195,-0.03229917,-0.18194645,0.065104523,0.004307062899999999,0.0019734925,-0.0049334076,0.0010432363826889002,0.033104510667602505,0.0042385989150575286,-3.369566927465385e-05,-0.006023248194957406,0.0002759519605531379,-0.030872682000000002,-0.17985512,0.12081852,-0.024872156,-0.18491485,0.12901253
196,-0.024872156,-0.18491485,0.12901253,0.0044514645,0.0020389719,-0.0045515996,0.000618624144088336,0.0341935017505225,0.016644232897000896,-1.538651621713157e-05,-0.006322886247172605,0.0021473145959513148,-0.03229917,-0.18194645,0.065104523,-0.030540741,-0.19683004,0.13682027
197,-0.030540741,-0.19683004,0.13682027,0.0042835193,0.0019892103,-0.0043486617,0.000932736860829081,0.038742064646401606,0.018719786282872897,-2.8486474887734007e-05,-0.007625602134033814,0.002561246213564966,-0.024872156,-0.18491485,0.12901253,-0.029175318,-0.21180181,0.11212757
198,-0.029175318,-0.21180181,0.11212757,0.0038105972,0.0020305692,-0.004539843,0.0008511991804011239,0.044860006719276105,0.012572591954104899,-2.4834006769542158e-05,-0.009501430619754841,0.0014097341844153336,-0.030540741,-0.19683004,0.13682027,-0.043759760999999994,-0.20636417,0.10326254
199,-0.043759760999999994,-0.20636417,0.10326254,0.0045286869,0.0018234042000000001,-0.0048926124,0.0019149166827771204,0.042586170659788904,0.0106631521672516,-8.37962963732396e-05,-0.00878825976168569,0.001101104177196905,-0.029175318,-0.21180181,0.11212757,-0.063519748,-0.19360831,0.14576746
200,-0.063519748,-0.19360831,0.14576746,0.0041664510999999994,0.0019025163,-0.0050966609,0.004034758385983504,0.0374841777010561,0.021248152394851595,-0.0002562868359185589,-0.007257248296441157,0.003097289204290434,-0.043759760999999994,-0.20636417,0.10326254,-0.055516873,-0.20321286,0.17666433
201,-0.055516873,-0.20321286,0.17666433,0.00447206,0.0019546805,-0.0051161537,0.003082123187698129,0.0412954664693796,0.031210285494348903,-0.0001711098415817922,-0.008391769846276731,0.005513744175967868,-0.063519748,-0.19360831,0.14576746,-0.042113011,-0.24392948,0.15190971
202,-0.042113011,-0.24392948,0.15190971,0.0040726875,0.0022886628,-0.0050054896,0.0017735056954861208,0.0595015912130704,0.023076559992284102,-7.468766486256966e-05,-0.014514192203776833,0.00350555353622548,-0.055516873,-0.20321286,0.17666433,-0.038131196,-0.2155684,0.099832747
203,-0.038131196,-0.2155684,0.099832747,0.0046741998,0.0022261813,-0.0048836352,0.001453988108390416,0.04646973507856,0.009966577373566009,-5.54423055427042e-05,-0.010017406439309052,0.0009949907973911397,-0.042113011,-0.24392948,0.15190971,-0.034426772,-0.22542175,0.089685542
204,-0.034426772,-0.22542175,0.089685542,0.0041616659,0.0019413587,-0.0044791027,0.001185202630339984,0.0508149653730625,0.008043496443833762,-4.080270072851491e-05,-0.011454798420585152,0.0007213853381403035,-0.038131196,-0.2155684,0.099832747,-0.043928898,-0.21344728,0.11002852
205,-0.043928898,-0.21344728,0.11002852,0.0044598615000000005,0.0015475462,-0.0044920411,0.0019297480794944041,0.04555974133939839,0.0121062752133904,-8.477170654980557e-05,-0.009724602866398143,0.00133203554444203,-0.034426772,-0.22542175,0.089685542,-0.02444889,-0.23487198,0.15256377
206,-0.02444889,-0.23487198,0.15256377,0.004232583,0.0020932855,-0.0039243383,0.0005977482222321001,0.05516484698912041,0.023275703916612895,-1.461428053304817e-05,-0.01295667683873175,0.0035510291389222286,-0.043928898,-0.21344728,0.11002852,-0.0262745,-0.25343128,0.11799039
207,-0.0262745,-0.25343128,0.11799039,0.0038974198,0.0021100604,-0.0041340627,0.0006903493502499999,0.0642274136824384,0.0139217321323521,-1.8138584003143623e-05,-0.016277235660629875,0.001642630603771756,-0.02444889,-0.23487198,0.15256377,-0.044664626,-0.23029671,0.1440159
208,-0.044664626,-0.23029671,0.1440159,0.0045412568,0.0019315635999999998,-0.0043784549,0.0019949288157198757,0.053036574636824096,0.02074057945281,-8.910274945075116e-05,-0.012214148648530033,0.0029869732164179395,-0.0262745,-0.25343128,0.11799039,-0.055564107,-0.2442686,0.15351404
209,-0.055564107,-0.2442686,0.15351404,0.0042099163,0.0017526389000000002,-0.0045447785,0.0030873699867074492,0.05966714894596,0.023566560477121596,-0.0001715469562900013,-0.014574810939021125,0.0036177979077472635,-0.044664626,-0.23029671,0.1440159,-0.041592508,-0.26535961,0.19197689
210,-0.041592508,-0.26535961,0.19197689,0.0045596163,0.0019067779999999998,-0.0044338749,0.001729936721730064,0.07041572261935211,0.0368551262940721,-7.195240693805146e-05,-0.018685488692139457,0.007075332526493188,-0.055564107,-0.2442686,0.15351404,-0.053431013,-0.25575772,0.11318888
211,-0.053431013,-0.25575772,0.11318888,0.0042684178,0.0023610935,-0.0050406183,0.002854873150206169,0.06541201133959841,0.012811722555654402,-0.00015253876440201678,-0.016729626880829837,0.0014501445269452596,-0.041592508,-0.26535961,0.19197689,-0.057819965999999993,-0.26661005,0.15566882
212,-0.057819965999999993,-0.26661005,0.15566882,0.004291711,0.0018744172,-0.0049114669,0.0033431484682411553,0.07108091876100249,0.024232781520192405,-0.00019330073076665567,-0.01895088730491681,0.0037722885045661583,-0.053431013,-0.25575772,0.11318888,-0.051613125,-0.24624571,0.16035555
213,-0.051613125,-0.24624571,0.16035555,0.004508971,0.0021670770000000003,-0.004773466,0.0026639146722656254,0.0606369496934041,0.025713902415802504,-0.00013749296096897976,-0.014931588729486576,0.004123366964532339,-0.057819965999999993,-0.26661005,0.15566882,-0.047885818,-0.28192976,0.21187154
214,-0.047885818,-0.28192976,0.21187154,0.0045002,0.0020871979,-0.00469795,0.0022930515655291235,0.07948438957365758,0.0448895494619716,-0.00010980464993154267,-0.022409014876247784,0.009510817974414094,-0.051613125,-0.24624571,0.16035555,-0.050658865,-0.28646571,0.18239063
215,-0.050658865,-0.28646571,0.18239063,0.004375875,0.0020508510000000002,-0.0049349628000000005,0.0025663206030882247,0.08206260300580409,0.0332663419117969,-0.00013000688897856494,-0.0235081218345058,0.006067469059088041,-0.047885818,-0.28192976,0.21187154,-0.056442939000000004,-0.27507634,0.17334103
216,-0.056442939000000004,-0.27507634,0.17334103,0.004456771,0.0019291621,-0.0050038203000000005,0.0031858053629577215,0.07566699282779558,0.030047112681460902,-0.00017981621776729556,-0.020814199445876258,0.005208397460730495,-0.050658865,-0.28646571,0.18239063,-0.06944229,-0.26839654,0.1998071
217,-0.06944229,-0.26839654,0.1998071,0.0045859646999999995,0.0016370598999999998,-0.0049412628,0.0048222316404441,0.07203670268397161,0.03992287721041,-0.000334866808022895,-0.019334401753386694,0.00797687431906811,-0.056442939000000004,-0.27507634,0.17334103,-0.054908572999999995,-0.30441232,0.24856368
218,-0.054908572999999995,-0.30441232,0.24856368,0.0044631298,0.0016950723999999999,-0.0048937828000000004,0.0030149513888963284,0.09266686056778241,0.0617839030151424,-0.00016554667842866544,-0.02820893401255516,0.015357234298206892,-0.06944229,-0.26839654,0.1998071,-0.043214115,-0.29596689,0.17909814
219,-0.043214115,-0.29596689,0.17909814,0.0043757513,0.0025879808,-0.0051312805,0.0018674597352332247,0.0875963999762721,0.0320761437514596,-8.070061975623812e-05,-0.025925634076173324,0.005744777684259036,-0.054908572999999995,-0.30441232,0.24856368,-0.06363567,-0.30038579,0.18981823
220,-0.06363567,-0.30038579,0.18981823,0.0044812197,0.0022676873,-0.0049727198,0.004049498496348901,0.0902316228339241,0.0360309604403329,-0.0002576925499791549,-0.027104297307950328,0.006839333135984013,-0.043214115,-0.29596689,0.17909814,-0.072420229,-0.27647529,0.16877046
221,-0.072420229,-0.27647529,0.16877046,0.0048113627,0.0021331498000000003,-0.0048584184,0.0052446895684124415,0.07643858598058409,0.028483468168611605,-0.0003798216195783402,-0.021133380226171918,0.004807168025211938,-0.06363567,-0.30038579,0.18981823,-0.06688974,-0.29443906,0.20517645
222,-0.06688974,-0.29443906,0.20517645,0.0051115854,0.0018098522,-0.0046848623,0.0044742373172676,0.08669436005368358,0.0420973756346025,-0.0002992805708503273,-0.02552620588150814,0.008637390087024239,-0.072420229,-0.27647529,0.16877046,-0.059228354000000004,-0.2984741,0.13715751
223,-0.059228354000000004,-0.2984741,0.13715751,0.0041487270000000005,0.00240377,-0.0048044168,0.0035079979175493166,0.08908678837081001,0.018812182549400102,-0.00020777294249187375,-0.026590098980867984,0.00258023211614117,-0.06688974,-0.29443906,0.20517645,-0.073602627,-0.29926854,0.17375816
224,-0.073602627,-0.29926854,0.17375816,0.0044892423,0.002231668,-0.0052005461999999995,0.00541734670130113,0.08956165903373162,0.030191898166585598,-0.0003987309485855475,-0.026802986939002675,0.005246088672333287,-0.059228354000000004,-0.2984741,0.13715751,-0.089831513,-0.29359206,0.19469701
225,-0.089831513,-0.29359206,0.19469701,0.0043980215999999996,0.0019146014999999999,-0.0051600143,0.008069700727869169,0.0861962976950436,0.0379069257029401,-0.0007249134258416887,-0.0253065486046611,0.007380365092654586,-0.073602627,-0.29926854,0.17375816,-0.09106058199999999,-0.29110539,0.24171506
226,-0.09106058199999999,-0.29110539,0.24171506,0.0046384188,0.0022052307,-0.0053174471,0.008292029594178721,0.08474234808705211,0.058426170230803605,-0.0007550770408071381,-0.024668954289397062,0.014122485242908907,-0.089831513,-0.29359206,0.19469701,-0.074393816,-0.29613155,0.24265601
227,-0.074393816,-0.29613155,0.24265601,0.0045324067999999995,0.0023126684,-0.0051710985,0.005534439859041856,0.08769389490540251,0.0588819391891201,-0.0004117281005366258,-0.02596892902387395,0.01428805642469452,-0.09106058199999999,-0.29110539,0.24171506,-0.075377634,-0.28993543,0.16401477
228,-0.075377634,-0.28993543,0.16401477,0.0045272715,0.0026609528,-0.0052746708,0.005681787707437956,0.0840625535692849,0.0269008447781529,-0.00042827971427695735,-0.02437271261600865,0.004412135869094449,-0.074393816,-0.29613155,0.24265601,-0.076954483,-0.3156829,0.17657634
229,-0.076954483,-0.3156829,0.17657634,0.0041767628,0.0023389473,-0.0050869421,0.00592199245379729,0.09965569335241,0.0311792038477956,-0.00045572386761187183,-0.03145959827899951,0.005505509699557664,-0.075377634,-0.28993543,0.16401477,-0.079046823,-0.30895119,0.19887892
230,-0.079046823,-0.30895119,0.19887892,0.0042750632,0.0023121847,-0.0052242623,0.00624840022639333,0.09545083780241609,0.03955282482036639,-0.0004939161867288735,-0.029489649925553436,0.007866223083223661,-0.076954483,-0.3156829,0.17657634,-0.06383631599999999,-0.33803367,0.2295771
231,-0.06383631599999999,-0.33803367,0.2295771,0.004190229,0.0026225907,-0.0048565694,0.004075075240451855,0.11426676205366891,0.05270564484441,-0.00026013779077326053,-0.03862601293601844,0.0121000090970096,-0.079046823,-0.30895119,0.19887892,-0.079613609,-0.34245423,0.1683504
232,-0.079613609,-0.34245423,0.1683504,0.0038717362,0.00233639,-0.0051577958,0.006338326738004881,0.11727489964489292,0.028341857180160003,-0.0005046170666337661,-0.04016128545621908,0.004771362993022809,-0.06383631599999999,-0.33803367,0.2295771,-0.081173404,-0.35984157,0.19237392
233,-0.081173404,-0.35984157,0.19237392,0.0039276421999999995,0.0018006810999999998,-0.0049591444,0.006589121516947217,0.1294859555000649,0.0370077250961664,-0.0005348614229002493,-0.04659442952009349,0.007119321147031907,-0.079613609,-0.34245423,0.1683504,-0.08349013,-0.34041526,0.16098214
234,-0.08349013,-0.34041526,0.16098214,0.0039164619,0.0020718104,-0.005065126,0.0069706018074169,0.1158825492408676,0.025915249398979597,-0.0005819764510794718,-0.039448188129292745,0.004171892306881449,-0.081173404,-0.35984157,0.19237392,-0.07824432099999999,-0.35425464,0.22904994
235,-0.07824432099999999,-0.35425464,0.22904994,0.0039974779,0.0020335242,-0.0050376157,0.00612217376875104,0.1254963499615296,0.052463875014003604,-0.0004790253295799361,-0.04445766427693569,0.012016847424125026,-0.08349013,-0.34041526,0.16098214,-0.076519497,-0.34732095,0.13891851
236,-0.076519497,-0.34732095,0.13891851,0.0038488215000000003,0.002171777,-0.0052077535,0.00585523342113301,0.12063184230890252,0.0192983524206201,-0.0004480395162026871,-0.04189796607097822,0.002680898363727437,-0.07824432099999999,-0.35425464,0.22904994,-0.077585776,-0.35820192,0.22819814
237,-0.077585776,-0.35820192,0.22819814,0.0039215276,0.0016491442,-0.0048825509,0.006019552637522175,0.1283086154916864,0.0520743910994596,-0.00046703166255500464,-0.04596039242166381,0.011883279190529235,-0.076519497,-0.34732095,0.13891851,-0.09414253,-0.33606986,0.21801639
238,-0.09414253,-0.33606986,0.21801639,0.0041607441,0.0014247803,-0.0050784458,0.008862815954800901,0.11294295080041959,0.0475311463086321,-0.0008343679169093225,-0.0379567216634839,0.010362568930769797,-0.077585776,-0.35820192,0.22819814,-0.081541486,-0.37807819,0.30921898
239,-0.081541486,-0.37807819,0.30921898,0.0038910113,0.0017354653,-0.0051104514,0.006649013939088196,0.14294311775367607,0.09561637759224038,-0.0005421704770279649,-0.05404367523326671,0.029566398750367425,-0.09414253,-0.33606986,0.21801639,-0.086485748,-0.37934358,0.17523299
240,-0.086485748,-0.37934358,0.17523299,0.0032492194,0.0013699594,-0.0053999836,0.007479784607119505,0.1439015516872164,0.0307066007843401,-0.0006468947666256165,-0.05458812978458372,0.005380809468176261,-0.081541486,-0.37807819,0.30921898,-0.081691942,-0.3624768,0.28034343
241,-0.081691942,-0.3624768,0.28034343,0.0038143175,0.0013431514999999998,-0.0050644951,0.006673573387731365,0.13138943053823998,0.0785924387441649,-0.0005451771701232941,-0.047625620335323506,0.02203287384960408,-0.086485748,-0.37934358,0.17523299,-0.090249729,-0.34501929,0.29483704
242,-0.090249729,-0.34501929,0.29483704,0.0030943686,0.0013454073000000002,-0.0049852139,0.008145013584573441,0.11903831047210409,0.08692888015596159,-0.0007350852687090717,-0.041070513361884914,0.025629853715698453,-0.081691942,-0.3624768,0.28034343,-0.08286144299999999,-0.3749205,0.3130588
243,-0.08286144299999999,-0.3749205,0.3130588,0.0027648426,0.001141467,-0.00501363,0.006866018736042248,0.14056538132024998,0.09800581225744001,-0.0005689282201334967,-0.05270084304727878,0.030681581978339464,-0.090249729,-0.34501929,0.29483704,-0.091229875,-0.3360912,0.2531401
244,-0.091229875,-0.3360912,0.2531401,0.0026970021999999996,0.0019253895000000002,-0.005393706999999999,0.008322890092515625,0.11295729471743998,0.06407991022800999,-0.0007592962227789389,-0.03796395273033806,0.01622119488310947,-0.08286144299999999,-0.3749205,0.3130588,-0.10022857,-0.34457578,0.21484066
245,-0.10022857,-0.34457578,0.21484066,0.0023336332,0.0014681820000000002,-0.0052732883,0.0100457662442449,0.11873246816260839,0.0461565091892356,-0.0010068727852149371,-0.04091233282845595,0.009916294897511441,-0.091229875,-0.3360912,0.2531401,-0.12107857,-0.33050402,0.24254333
246,-0.12107857,-0.33050402,0.24254333,0.002237743,0.0012726885,-0.0054304921999999995,0.014660020113244899,0.1092329072361604,0.0588272669274889,-0.0017750142714829304,-0.036101914957838106,0.014268161215392027,-0.10022857,-0.34457578,0.21484066,-0.11692295,-0.35384749,0.26025042
247,-0.11692295,-0.35384749,0.26025042,0.0022982981,0.0011897367,-0.0053547791,0.0136709762367025,0.1252080461793001,0.06773028111017639,-0.0015984508709751544,-0.044304552868349424,0.01762683410564147,-0.12107857,-0.33050402,0.24254333,-0.10938587,-0.35800513,0.29828506
248,-0.10938587,-0.35800513,0.29828506,0.0024959249,0.001372301,-0.0054555986,0.011965268555656898,0.1281676731063169,0.08897397701920359,-0.0013088313107441731,-0.04588468447222449,0.026539608073611765,-0.11692295,-0.35384749,0.26025042,-0.08753316800000001,-0.33258237,0.19278889
249,-0.08753316800000001,-0.33258237,0.19278889,0.0027333882,0.001343284,-0.0050089621,0.007662055500116225,0.11061103283481691,0.037167556107432095,-0.0006706839913169976,-0.03678727944835123,0.007165491885964554,-0.10938587,-0.35800513,0.29828506,-0.077476347,-0.34050491,0.25227337
250,-0.077476347,-0.34050491,0.25227337,0.0028028179,0.0013254006,-0.0048739612,0.006002584344464409,0.11594359373410809,0.0636418532111569,-0.0004650583075684921,-0.03947936294950904,0.016055144782623872,-0.08753316800000001,-0.33258237,0.19278889,-0.071855422,-0.33525984,0.23643925
251,-0.071855422,-0.33525984,0.23643925,0.0031665268,0.0011564592,-0.004571589,0.005163201670798085,0.11239916031682558,0.055903518940562495,-0.00037100403492630146,-0.03768292450395329,0.01321778609066739,-0.077476347,-0.34050491,0.25227337,-0.07388270599999999,-0.35308412,0.27271005
252,-0.07388270599999999,-0.35308412,0.27271005,0.0030775337,0.0012925074,-0.004648528,0.0054586542458824345,0.1246683957961744,0.0743707713710025,-0.0004033001468041836,-0.04401843082150394,0.02028165677912466,-0.071855422,-0.33525984,0.23643925,-0.093839579,-0.32847483,0.21945713
253,-0.093839579,-0.32847483,0.21945713,0.0030769379,0.0011927425999999999,-0.0048260968,0.008805866586897242,0.1078957139435289,0.0481614319078369,-0.0008263388132446042,-0.03544102629532928,0.01056936962318431,-0.07388270599999999,-0.35308412,0.27271005,-0.09827737199999999,-0.34759347,0.24504489
254,-0.09827737199999999,-0.34759347,0.24504489,0.002708559,0.00090530099,-0.004910766,0.009658441847226381,0.1208212203866409,0.06004699811511209,-0.0009492062823602341,-0.04199666724382726,0.014714210047947849,-0.093839579,-0.32847483,0.21945713,-0.10181106,-0.35436811,0.23585423
255,-0.10181106,-0.35436811,0.23585423,0.0030635594,0.00079697727,-0.005091913,0.010365491938323599,0.12557675738497212,0.0556272178088929,-0.0010553217216621802,-0.04450039817444112,0.01311991462335872,-0.09827737199999999,-0.34759347,0.24504489,-0.085888584,-0.35771007,0.32774826
256,-0.085888584,-0.35771007,0.32774826,0.0032703988,0.0012215643,-0.0050219756,0.007376848861525056,0.12795649417940488,0.10741892193302761,-0.0006335871030983992,-0.045771326489869514,0.03520636475462564,-0.10181106,-0.35436811,0.23585423,-0.089417613,-0.34368716,0.22828094
257,-0.089417613,-0.34368716,0.22828094,0.0033829886999999998,0.0014389532999999999,-0.0049164217,0.00799550951461777,0.11812086394886559,0.05211218756728359,-0.0007149393755159096,-0.040596624267332,0.011896219163315812,-0.085888584,-0.35771007,0.32774826,-0.081859504,-0.35711198,0.2891263
258,-0.081859504,-0.35711198,0.2891263,0.0035283144,0.0014705509,-0.0047400355,0.006700978395126016,0.1275289662595204,0.08359401735169,-0.0005485387677397317,-0.04554212164829052,0.02416922893902993,-0.089417613,-0.34368716,0.22828094,-0.079401221,-0.37494917,0.29660819
259,-0.079401221,-0.37494917,0.29660819,0.0034821356,0.0014467619,-0.004692121699999999,0.00630455389629084,0.1405868800836889,0.0879764183750761,-0.0005005892772258,-0.05271293400026868,0.026094526216914063,-0.081859504,-0.35711198,0.2891263,-0.072297736,-0.38861171,0.35604161
260,-0.072297736,-0.38861171,0.35604161,0.0036271351,0.0015299334,-0.0044528878,0.005226962630725696,0.1510190611491241,0.1267656280513921,-0.0003778975643580719,-0.058687775595755685,0.045133838304078806,-0.079401221,-0.37494917,0.29660819,-0.080850048,-0.3748004,0.2571539
261,-0.080850048,-0.3748004,0.2571539,0.0032972459999999998,0.0014522201999999998,-0.004557475,0.006536730261602303,0.14047533984015997,0.06612812828520999,-0.0005284949554135987,-0.05265021356222789,0.017005106088242062,-0.072297736,-0.38861171,0.35604161,-0.086720542,-0.38393976,0.30184417
262,-0.086720542,-0.38393976,0.30184417,0.0035696428000000003,0.0010600822,-0.0045540934000000005,0.0075204524047737635,0.14740973930885762,0.09110990296298892,-0.0006521777086271842,-0.05659645993190536,0.027500993038643933,-0.080850048,-0.3748004,0.2571539,-0.09751199599999999,-0.3866129,0.25926174
263,-0.09751199599999999,-0.3866129,0.25926174,0.0028111932,0.0008812298199999998,-0.0046821304,0.009508589363904014,0.14946953444640998,0.06721664982782762,-0.0009272015280186507,-0.05778685017397645,0.01742670559133329,-0.086720542,-0.38393976,0.30184417,-0.077896347,-0.40026395,0.35289256
264,-0.077896347,-0.40026395,0.35289256,0.0035131263,0.0012234983,-0.0044902646,0.00606784087594441,0.1602112296696025,0.12453315890335362,-0.0004726626384133497,-0.06412677962191228,0.043946825250291255,-0.09751199599999999,-0.3866129,0.25926174,-0.090524971,-0.39877711,0.24147958
265,-0.090524971,-0.39877711,0.24147958,0.0032995925,0.0015357806,-0.0048207201,0.00819477037455084,0.1590231834599521,0.0583123875569764,-0.0007418313505078739,-0.06341480552315949,0.014081250856055888,-0.077896347,-0.40026395,0.35289256,-0.093783572,-0.40904426,0.27595358
266,-0.093783572,-0.40904426,0.27595358,0.0034586042999999998,0.0012680999,-0.0047427872,0.008795358377079183,0.16731720663894759,0.07615037831481639,-0.0008248601256226087,-0.0684401429748954,0.021013969514327945,-0.090524971,-0.39877711,0.24147958,-0.09983154300000001,-0.41349742,0.31631004
267,-0.09983154300000001,-0.41349742,0.31631004,0.0032177479,0.0013398692000000001,-0.0047564166,0.00996633697776085,0.1709801163466564,0.1000520414048016,-0.0009949547985478224,-0.07069983698064225,0.03164746521883445,-0.093783572,-0.40904426,0.27595358,-0.10239111,-0.41666826,0.3464114
268,-0.10239111,-0.41666826,0.3464114,0.0038191578000000004,0.001240355,-0.0049087264000000005,0.010483939407032098,0.1736124388914276,0.12000085804995998,-0.0010734621930587583,-0.07233879282724748,0.0415696652382879,-0.09983154300000001,-0.41349742,0.31631004,-0.087389244,-0.42208627,0.34068628
269,-0.087389244,-0.42208627,0.34068628,0.0035924521999999995,0.0014643267000000002,-0.0048265425,0.0076368799668915365,0.1781568193225129,0.11606714138023841,-0.0006673811668253965,-0.07519754734290339,0.03954248262706749,-0.10239111,-0.41666826,0.3464114,-0.07568333,-0.43578623,0.33415526
270,-0.07568333,-0.43578623,0.33415526,0.0034966468,0.0017951386,-0.0046630694,0.005727966439888899,0.1899096382576129,0.11165973778566761,-0.00043351157429903663,-0.0827600052969489,0.03731168871130158,-0.087389244,-0.42208627,0.34068628,-0.07722628299999999,-0.43634656,0.31988915
271,-0.07722628299999999,-0.43634656,0.31988915,0.0032959761,0.0020152533,-0.0047012278,0.005963898785996088,0.1903983204238336,0.10232906828772251,-0.0004605697354306903,-0.08307965214671753,0.03273395867485151,-0.07568333,-0.43578623,0.33415526,-0.080674256,-0.45129171,0.39866015
272,-0.080674256,-0.45129171,0.39866015,0.0037807154999999998,0.0019947627,-0.0048592339,0.0065083355811535355,0.2036642075147241,0.1589299151980225,-0.0005250551308078891,-0.0919119684751147,0.06335902383233093,-0.07722628299999999,-0.43634656,0.31988915,-0.081954212,-0.44979455,0.38276861
273,-0.081954212,-0.44979455,0.38276861,0.0036448055,0.0020922370000000003,-0.0049128151,0.006716492864540944,0.2023151372097025,0.1465118088013321,-0.0005504448801170758,-0.0910002460994264,0.056080121403471656,-0.080674256,-0.45129171,0.39866015,-0.09426014099999999,-0.44161516,0.32279474
274,-0.09426014099999999,-0.44161516,0.32279474,0.0039319278,0.0018083576999999998,-0.0049853739,0.00888497418133988,0.19502394954182561,0.10419644417166761,-0.0008374989191144565,-0.08612553268074524,0.03363406410531796,-0.081954212,-0.44979455,0.38276861,-0.077824885,-0.4406396,0.32838628
275,-0.077824885,-0.4406396,0.32838628,0.004047005,0.0018581274,-0.0045423315999999995,0.006056712725263224,0.19416325708816,0.10783754889223839,-0.000471362971321647,-0.085556019938024,0.03541237152504028,-0.09426014099999999,-0.44161516,0.32279474,-0.078738698,-0.41703917,0.32686073
276,-0.078738698,-0.41703917,0.32686073,0.0040068225,0.0019601763,-0.0045322287,0.006199782562735203,0.1739216693142889,0.10683793681613289,-0.0004881628068728732,-0.07253214861584552,0.03492112601941507,-0.077824885,-0.4406396,0.32838628,-0.080293435,-0.4474257,0.39424913
277,-0.080293435,-0.4474257,0.39424913,0.0037678983,0.0014010617000000001,-0.0047536949,0.0064470357040992245,0.20018975702049,0.1554323765057569,-0.0005176546422497703,-0.08957004216772264,0.0612790792112271,-0.078738698,-0.41703917,0.32686073,-0.08636627699999999,-0.42202139,0.37568007
278,-0.08636627699999999,-0.42202139,0.37568007,0.0038343859000000004,0.0014723461999999999,-0.0048681801,0.007459133802840728,0.1781020536175321,0.14113551499520488,-0.0006442176161962056,-0.07516287622952542,0.053021800152884616,-0.080293435,-0.4474257,0.39424913,-0.09745189800000001,-0.42296953,0.36925927
279,-0.09745189800000001,-0.42296953,0.36925927,0.0038194295000000002,0.0017377148999999999,-0.0050783683,0.009496872423802406,0.17890322330842087,0.13635240848093289,-0.000925488242763405,-0.07567061227824781,0.05034939081841108,-0.08636627699999999,-0.42202139,0.37568007,-0.088817635,-0.44036909,0.36043472
280,-0.088817635,-0.44036909,0.36043472,0.0034520740000000003,0.0016724725,-0.0048658076,0.007888572286993226,0.1939249354274281,0.1299131873814784,-0.0007006443340572796,-0.08539854734248528,0.04682522331815069,-0.09745189800000001,-0.42296953,0.36925927,-0.098645242,-0.43264682,0.39165518
281,-0.098645242,-0.43264682,0.39165518,0.0036335322999999997,0.0016342645,-0.0050251868,0.009730883769238563,0.1871832708561124,0.1533937800208324,-0.0009599053842904101,-0.0809842468930957,0.06007746852493952,-0.088817635,-0.44036909,0.36043472,-0.099184597,-0.42477077,0.38768804
282,-0.099184597,-0.42477077,0.38768804,0.0036707754,0.001547319,-0.0049686304,0.009837584282052409,0.18043020704639293,0.1503020163590416,-0.0009757368324689026,-0.07664147797835576,0.05827029413028478,-0.098645242,-0.43264682,0.39165518,-0.08302565,-0.42918241,0.40847748
283,-0.08302565,-0.42918241,0.40847748,0.0034578346999999997,0.0018284117,-0.0046282729,0.006893258557922501,0.1841975410534081,0.16685385166715042,-0.0005723172723895784,-0.07905434458537564,0.0681560408572914,-0.099184597,-0.42477077,0.38768804,-0.08156683299999999,-0.45042835,0.42517425
284,-0.08156683299999999,-0.45042835,0.42517425,0.0033347459000000004,0.0017688164000000002,-0.0046802655,0.006653148245649888,0.20288569848372248,0.18077314286306248,-0.0005426762318771673,-0.09138547040662061,0.07686008543694543,-0.08302565,-0.42918241,0.40847748,-0.078211075,-0.46357039,0.38642569
285,-0.078211075,-0.46357039,0.38642569,0.0028380721999999997,0.0020178894,-0.0048508985999999995,0.006116972252655626,0.2148975064847521,0.1493248138919761,-0.0004784149756253681,-0.09962012089116405,0.05770294424232845,-0.08156683299999999,-0.45042835,0.42517425,-0.04809648,-0.47178069,0.41938172
286,-0.04809648,-0.47178069,0.41938172,0.0032349883000000004,0.0018101335,-0.0042412746,0.0023132713883903997,0.2225770194568761,0.1758810270701584,-0.00011126021106629109,-0.10500753981750843,0.0737612876480496,-0.078211075,-0.46357039,0.38642569,-0.047799562999999996,-0.42455192,0.39602413
287,-0.047799562999999996,-0.42455192,0.39602413,0.0035134135999999997,0.001685041,-0.0041707801,0.0022847982229909688,0.1802443327756864,0.15683511154225688,-0.00010921235660214485,-0.0765230775490366,0.06211048860197523,-0.04809648,-0.47178069,0.41938172,-0.047170477,-0.41606178,0.34161045
288,-0.047170477,-0.41606178,0.34161045,0.0031888775,0.0019174656,-0.0039539432,0.002225053900407529,0.1731074047767684,0.1166976995492025,-0.00010495685383293365,-0.07202337496260276,0.03986515365696787,-0.047799562999999996,-0.42455192,0.39602413,0.0,0.0,-7.105427399999999e-15
